material_a,material_b,product_count,percent_of_577
乳香,沒藥,409,70.884
玄參,白芷,272,47.14
當歸,白芷,250,43.328
乳香,白芷,237,41.075
沒藥,白芷,234,40.555
乳香,木鼈子,232,40.208
當歸,赤芍,231,40.035
木鼈子,沒藥,227,39.341
肉桂,赤芍,218,37.782
白芷,草烏,217,37.608
當歸,肉桂,216,37.435
沒藥,當歸,212,36.742
玄參,當歸,206,35.702
木鼈子,白芷,204,35.355
乳香,當歸,203,35.182
木鼈子,當歸,200,34.662
白芷,赤芍,197,34.142
乳香,玄參,194,33.622
沒藥,玄參,192,33.276
大黃,白芷,187,32.409
玄參,赤芍,185,32.062
白芷,肉桂,184,31.889
玄參,生地黃,181,31.369
生地黃,白芷,181,31.369
大黃,赤芍,180,31.196
玄參,草烏,179,31.023
大黃,當歸,178,30.849
玄參,肉桂,178,30.849
生地黃,赤芍,177,30.676
木鼈子,赤芍,175,30.329
生地黃,當歸,174,30.156
大黃,玄參,173,29.983
生地黃,肉桂,173,29.983
木鼈子,玄參,169,29.289
大黃,生地黃,168,29.116
大黃,肉桂,165,28.596
當歸,草烏,164,28.423
大黃,木鼈子,163,28.25
木鼈子,生地黃,163,28.25
木鼈子,肉桂,159,27.556
大黃,沒藥,156,27.036
沒藥,赤芍,156,27.036
沒藥,肉桂,154,26.69
乳香,赤芍,147,25.477
乳香,肉桂,145,25.13
乳香,草烏,144,24.957
沒藥,草烏,144,24.957
白及,白蘞,142,24.61
甘草,白蘞,128,22.184
木鼈子,草烏,127,22.01
柳枝,當歸,127,22.01
柳枝,白芷,126,21.837
當歸,白蘞,125,21.664
大黃,甘草,124,21.49
白芷,白蘞,124,21.49
木鼈子,柳枝,122,21.144
乳香,大黃,121,20.971
獨活,當歸,121,20.971
獨活,白芷,121,20.971
獨活,赤芍,120,20.797
獨活,玄參,119,20.624
甘草,白及,115,19.931
大黃,白蘞,114,19.757
川烏,當歸,113,19.584
川烏,白芷,113,19.584
川烏,草烏,113,19.584
白蘞,草烏,113,19.584
川烏,赤芍,112,19.411
草烏,赤芍,112,19.411
乳香,生地黃,111,19.237
獨活,生地黃,111,19.237
沒藥,生地黃,110,19.064
獨活,肉桂,110,19.064
木鼈子,白蘞,109,18.891
當歸,白及,109,18.891
白及,白芷,109,18.891
木鼈子,獨活,108,18.718
當歸,苦參,108,18.718
白芷,苦參,107,18.544
白蘞,苦參,106,18.371
甘草,赤芍,105,18.198
當歸,羌活,105,18.198
白芷,羌活,105,18.198
大黃,獨活,104,18.024
川烏,木鼈子,104,18.024
甘草,白芷,104,18.024
羌活,赤芍,104,18.024
乳香,威靈仙,103,17.851
川烏,玄參,103,17.851
大黃,白及,102,17.678
甘草,當歸,102,17.678
甘草,羌活,102,17.678
白及,苦參,102,17.678
白及,草烏,102,17.678
苦參,草烏,102,17.678
威靈仙,木鼈子,100,17.331
威靈仙,沒藥,100,17.331
乳香,蓖麻子,99,17.158
威靈仙,蓖麻子,97,16.811
柳枝,玄參,97,16.811
柳枝,肉桂,97,16.811
大黃,川烏,96,16.638
大黃,草烏,96,16.638
木鼈子,蓖麻子,96,16.638
柳枝,赤芍,96,16.638
沒藥,蓖麻子,96,16.638
烏藥,當歸,96,16.638
烏藥,白芷,96,16.638
獨活,羌活,96,16.638
乳香,柳枝,95,16.464
川烏,生地黃,95,16.464
川烏,肉桂,95,16.464
木鼈子,白及,95,16.464
木鼈子,羌活,95,16.464
木鼈子,苦參,95,16.464
烏藥,赤芍,95,16.464
生地黃,草烏,95,16.464
白蘞,赤芍,95,16.464
肉桂,草烏,95,16.464
柳枝,草烏,94,16.291
烏藥,獨活,94,16.291
烏藥,甘草,94,16.291
烏藥,白蘞,94,16.291
烏藥,羌活,94,16.291
獨活,甘草,94,16.291
玄參,羌活,94,16.291
木鼈子,甘草,93,16.118
柳枝,沒藥,93,16.118
柳枝,生地黃,93,16.118
烏藥,玄參,93,16.118
獨活,白蘞,93,16.118
玄參,甘草,93,16.118
玄參,白蘞,93,16.118
白蘞,羌活,93,16.118
乳香,阿魏,91,15.771
大黃,阿魏,91,15.771
川烏,甘草,91,15.771
川烏,羌活,91,15.771
沒藥,阿魏,91,15.771
玄參,阿魏,91,15.771
甘草,草烏,91,15.771
生地黃,阿魏,91,15.771
白芷,阿魏,91,15.771
羌活,草烏,91,15.771
肉桂,阿魏,91,15.771
大黃,羌活,88,15.251
赤芍,阿魏,87,15.078
生地黃,羌活,86,14.905
乳香,血餘,85,14.731
大黃,血餘,85,14.731
川烏,白蘞,85,14.731
木鼈子,烏藥,85,14.731
沒藥,血餘,85,14.731
烏藥,生地黃,85,14.731
烏藥,肉桂,85,14.731
玄參,血餘,85,14.731
甘草,生地黃,85,14.731
生地黃,白蘞,85,14.731
生地黃,血餘,85,14.731
白芷,血餘,85,14.731
羌活,肉桂,85,14.731
肉桂,血餘,85,14.731
血餘,阿魏,85,14.731
乳香,豬牙皂角,84,14.558
沒藥,紅花,84,14.558
當歸,阿魏,84,14.558
白蘞,肉桂,84,14.558
川烏,烏藥,83,14.385
川烏,獨活,83,14.385
木鼈子,阿魏,83,14.385
沒藥,豬牙皂角,83,14.385
烏藥,草烏,83,14.385
獨活,草烏,83,14.385
甘草,肉桂,83,14.385
白芷,豬牙皂角,83,14.385
柳枝,白蘞,82,14.211
乳香,杏仁,81,14.038
大黃,柳枝,81,14.038
杏仁,玄參,81,14.038
杏仁,白芷,81,14.038
白及,赤芍,81,14.038
血餘,赤芍,81,14.038
杏仁,沒藥,80,13.865
沒藥,白蘞,80,13.865
烏藥,白及,80,13.865
苦參,赤芍,80,13.865
草烏,豬牙皂角,80,13.865
大黃,烏藥,79,13.692
獨活,白及,79,13.692
玄參,白及,79,13.692
甘草,苦參,79,13.692
白及,羌活,79,13.692
當歸,血餘,78,13.518
木鼈子,血餘,77,13.345
獨活,苦參,77,13.345
羌活,苦參,77,13.345
川烏,白及,76,13.172
杏仁,草烏,76,13.172
柳枝,獨活,76,13.172
烏藥,苦參,76,13.172
玄參,苦參,76,13.172
川烏,苦參,73,12.652
川芎,沒藥,71,12.305
川芎,當歸,71,12.305
生地黃,白及,71,12.305
杏仁,豬牙皂角,70,12.132
玄參,豬牙皂角,70,12.132
白及,肉桂,70,12.132
柳枝,白及,69,11.958
柳枝,苦參,69,11.958
生地黃,苦參,69,11.958
沒藥,白及,68,11.785
乳香,白膠香,66,11.438
川烏,柳枝,66,11.438
白膠香,白芷,66,11.438
肉桂,苦參,66,11.438
乳香,槐枝,65,11.265
槐枝,當歸,65,11.265
沒藥,白膠香,65,11.265
大黃,苦參,64,11.092
槐枝,白芷,64,11.092
柳枝,槐枝,63,10.919
槐枝,沒藥,63,10.919
白膠香,草烏,62,10.745
杏仁,白膠香,61,10.572
玄參,白膠香,61,10.572
乳香,川芎,60,10.399
乳香,連鬚葉蔥,59,10.225
杏仁,連鬚葉蔥,59,10.225
沒藥,甘草,59,10.225
玄參,連鬚葉蔥,59,10.225
白芷,連鬚葉蔥,59,10.225
乳香,當歸尾,58,10.052
沒藥,連鬚葉蔥,58,10.052
玄參,當歸尾,58,10.052
當歸尾,白芷,58,10.052
沒藥,當歸尾,57,9.879
杏仁,當歸尾,56,9.705
槐枝,草烏,56,9.705
當歸,紅花,56,9.705
當歸,骨碎補,56,9.705
白膠香,豬牙皂角,56,9.705
紅花,赤芍,56,9.705
紅花,骨碎補,56,9.705
赤芍,骨碎補,56,9.705
木鼈子,槐枝,55,9.532
當歸尾,白膠香,55,9.532
草烏,連鬚葉蔥,54,9.359
柳枝,烏藥,53,9.185
柳枝,甘草,53,9.185
柳枝,羌活,53,9.185
當歸尾,草烏,53,9.185
豬牙皂角,連鬚葉蔥,53,9.185
甘草,紅花,52,9.012
沒藥,骨碎補,49,8.492
當歸,蒼朮,49,8.492
當歸尾,豬牙皂角,49,8.492
肉桂,骨碎補,49,8.492
半夏,沒藥,48,8.319
半夏,當歸,48,8.319
半夏,秦艽,48,8.319
半夏,紅花,48,8.319
半夏,蒼朮,48,8.319
半夏,蛇床子,48,8.319
半夏,赤芍,48,8.319
半夏,骨碎補,48,8.319
沒藥,秦艽,48,8.319
沒藥,蒼朮,48,8.319
沒藥,蛇床子,48,8.319
當歸,秦艽,48,8.319
當歸,蛇床子,48,8.319
秦艽,紅花,48,8.319
秦艽,蒼朮,48,8.319
秦艽,蛇床子,48,8.319
秦艽,赤芍,48,8.319
秦艽,骨碎補,48,8.319
紅花,肉桂,48,8.319
紅花,蒼朮,48,8.319
紅花,蛇床子,48,8.319
蒼朮,蛇床子,48,8.319
蒼朮,赤芍,48,8.319
蒼朮,骨碎補,48,8.319
蛇床子,赤芍,48,8.319
蛇床子,骨碎補,48,8.319
乳香,白蘞,46,7.972
白膠香,連鬚葉蔥,45,7.799
大黃,紅花,44,7.626
柳枝,阿魏,44,7.626
乳香,獨活,43,7.452
白及,紅花,43,7.452
白蘞,紅花,43,7.452
木香,沒藥,42,7.279
木香,當歸,42,7.279
木香,肉桂,42,7.279
槐枝,白蘞,42,7.279
川芎,木香,41,7.106
川芎,肉桂,41,7.106
川芎,赤芍,41,7.106
木香,赤芍,41,7.106
沒藥,獨活,41,7.106
半夏,川芎,40,6.932
半夏,木香,40,6.932
半夏,石菖蒲,40,6.932
半夏,肉桂,40,6.932
川芎,石菖蒲,40,6.932
川芎,秦艽,40,6.932
川芎,紅花,40,6.932
川芎,蒼朮,40,6.932
川芎,蛇床子,40,6.932
川芎,骨碎補,40,6.932
木香,石菖蒲,40,6.932
木香,秦艽,40,6.932
木香,紅花,40,6.932
木香,蒼朮,40,6.932
木香,蛇床子,40,6.932
木香,骨碎補,40,6.932
柳枝,血餘,40,6.932
沒藥,石菖蒲,40,6.932
當歸,石菖蒲,40,6.932
當歸尾,連鬚葉蔥,40,6.932
石菖蒲,秦艽,40,6.932
石菖蒲,紅花,40,6.932
石菖蒲,肉桂,40,6.932
石菖蒲,蒼朮,40,6.932
石菖蒲,蛇床子,40,6.932
石菖蒲,赤芍,40,6.932
石菖蒲,骨碎補,40,6.932
秦艽,肉桂,40,6.932
肉桂,蒼朮,40,6.932
肉桂,蛇床子,40,6.932
乳香,川烏,39,6.759
乳香,黃柏,39,6.759
乳香,黃芩,39,6.759
五加皮,半夏,39,6.759
五加皮,川芎,39,6.759
五加皮,木香,39,6.759
五加皮,沒藥,39,6.759
五加皮,當歸,39,6.759
五加皮,石菖蒲,39,6.759
五加皮,秦艽,39,6.759
五加皮,紅花,39,6.759
五加皮,肉桂,39,6.759
五加皮,蒼朮,39,6.759
五加皮,蛇床子,39,6.759
五加皮,赤芍,39,6.759
五加皮,骨碎補,39,6.759
升麻,甘草,39,6.759
半夏,萆薢,39,6.759
川烏,沒藥,39,6.759
川芎,萆薢,39,6.759
木香,萆薢,39,6.759
沒藥,萆薢,39,6.759
沒藥,黃柏,39,6.759
沒藥,黃芩,39,6.759
當歸,萆薢,39,6.759
當歸,黃柏,39,6.759
當歸,黃芩,39,6.759
白芷,黃柏,39,6.759
石菖蒲,萆薢,39,6.759
秦艽,萆薢,39,6.759
紅花,萆薢,39,6.759
肉桂,萆薢,39,6.759
萆薢,蒼朮,39,6.759
萆薢,蛇床子,39,6.759
萆薢,赤芍,39,6.759
萆薢,骨碎補,39,6.759
黃柏,黃芩,39,6.759
乳香,骨碎補,38,6.586
五加皮,萆薢,38,6.586
半夏,石斛,38,6.586
半夏,自然銅,38,6.586
半夏,鹿茸,38,6.586
川芎,石斛,38,6.586
川芎,自然銅,38,6.586
川芎,鹿茸,38,6.586
木香,石斛,38,6.586
木香,自然銅,38,6.586
木香,鹿茸,38,6.586
沒藥,石斛,38,6.586
沒藥,自然銅,38,6.586
沒藥,鹿茸,38,6.586
當歸,石斛,38,6.586
當歸,自然銅,38,6.586
當歸,鹿茸,38,6.586
白芷,黃芩,38,6.586
石斛,石菖蒲,38,6.586
石斛,秦艽,38,6.586
石斛,紅花,38,6.586
石斛,肉桂,38,6.586
石斛,自然銅,38,6.586
石斛,蒼朮,38,6.586
石斛,蛇床子,38,6.586
石斛,赤芍,38,6.586
石斛,骨碎補,38,6.586
石斛,鹿茸,38,6.586
石菖蒲,自然銅,38,6.586
石菖蒲,鹿茸,38,6.586
秦艽,自然銅,38,6.586
秦艽,鹿茸,38,6.586
紅花,自然銅,38,6.586
紅花,鹿茸,38,6.586
肉桂,自然銅,38,6.586
肉桂,鹿茸,38,6.586
自然銅,蒼朮,38,6.586
自然銅,蛇床子,38,6.586
自然銅,赤芍,38,6.586
自然銅,骨碎補,38,6.586
自然銅,鹿茸,38,6.586
草烏,黃柏,38,6.586
草烏,黃芩,38,6.586
蒼朮,鹿茸,38,6.586
蛇床子,鹿茸,38,6.586
赤芍,鹿茸,38,6.586
骨碎補,鹿茸,38,6.586
乳香,半夏,37,6.412
乳香,秦艽,37,6.412
乳香,紅花,37,6.412
乳香,蒼朮,37,6.412
乳香,蛇床子,37,6.412
五加皮,石斛,37,6.412
五加皮,自然銅,37,6.412
五加皮,鹿茸,37,6.412
石斛,萆薢,37,6.412
自然銅,萆薢,37,6.412
萆薢,鹿茸,37,6.412
升麻,大黃,36,6.239
升麻,沒藥,36,6.239
升麻,白及,36,6.239
升麻,紅花,36,6.239
升麻,蘆薈,36,6.239
升麻,青黛,36,6.239
大黃,蘆薈,36,6.239
大黃,青黛,36,6.239
沒藥,蘆薈,36,6.239
沒藥,青黛,36,6.239
甘草,蘆薈,36,6.239
甘草,青黛,36,6.239
白及,蘆薈,36,6.239
白及,青黛,36,6.239
紅花,蘆薈,36,6.239
紅花,青黛,36,6.239
蘆薈,青黛,36,6.239
升麻,白蘞,35,6.066
半夏,川牛膝,35,6.066
川牛膝,川芎,35,6.066
川牛膝,木香,35,6.066
川牛膝,沒藥,35,6.066
川牛膝,當歸,35,6.066
川牛膝,石菖蒲,35,6.066
川牛膝,秦艽,35,6.066
川牛膝,紅花,35,6.066
川牛膝,肉桂,35,6.066
川牛膝,蒼朮,35,6.066
川牛膝,蛇床子,35,6.066
川牛膝,赤芍,35,6.066
川牛膝,骨碎補,35,6.066
當歸,附子,35,6.066
白蘞,蘆薈,35,6.066
白蘞,青黛,35,6.066
乳香,苦參,34,5.893
五加皮,川牛膝,34,5.893
大黃,槐枝,34,5.893
川牛膝,萆薢,34,5.893
川芎,附子,34,5.893
木香,附子,34,5.893
槐枝,玄參,34,5.893
槐枝,生地黃,34,5.893
槐枝,肉桂,34,5.893
槐枝,赤芍,34,5.893
沒藥,附子,34,5.893
當歸,豬牙皂角,34,5.893
肉桂,附子,34,5.893
蒼朮,附子,34,5.893
赤芍,附子,34,5.893
乳香,白及,33,5.719
半夏,附子,33,5.719
川牛膝,石斛,33,5.719
川牛膝,自然銅,33,5.719
川牛膝,鹿茸,33,5.719
木鼈子,黃柏,33,5.719
木鼈子,黃芩,33,5.719
槐枝,苦參,33,5.719
沒藥,苦參,33,5.719
石斛,附子,33,5.719
石菖蒲,附子,33,5.719
秦艽,附子,33,5.719
紅花,附子,33,5.719
自然銅,附子,33,5.719
萆薢,附子,33,5.719
蛇床子,附子,33,5.719
附子,骨碎補,33,5.719
附子,鹿茸,33,5.719
五加皮,附子,32,5.546
厚朴,白芷,32,5.546
厚朴,黃柏,32,5.546
乳香,厚朴,31,5.373
乳香,木香,31,5.373
乳香,黃連,31,5.373
乳香,龍骨,31,5.373
升麻,漏蘆,31,5.373
厚朴,槐枝,31,5.373
厚朴,沒藥,31,5.373
厚朴,當歸,31,5.373
厚朴,苦參,31,5.373
厚朴,黃芩,31,5.373
厚朴,黃連,31,5.373
厚朴,龍骨,31,5.373
大黃,漏蘆,31,5.373
槐枝,黃柏,31,5.373
槐枝,黃芩,31,5.373
槐枝,黃連,31,5.373
槐枝,龍骨,31,5.373
沒藥,漏蘆,31,5.373
沒藥,黃連,31,5.373
沒藥,龍骨,31,5.373
漏蘆,甘草,31,5.373
漏蘆,白及,31,5.373
漏蘆,紅花,31,5.373
漏蘆,蘆薈,31,5.373
漏蘆,青黛,31,5.373
當歸,黃連,31,5.373
當歸,龍骨,31,5.373
苦參,黃柏,31,5.373
苦參,黃芩,31,5.373
苦參,黃連,31,5.373
苦參,龍骨,31,5.373
黃柏,黃連,31,5.373
黃柏,龍骨,31,5.373
黃芩,黃連,31,5.373
黃芩,龍骨,31,5.373
黃連,龍骨,31,5.373
厚朴,川芎,30,5.199
厚朴,柳枝,30,5.199
厚朴,白蘞,30,5.199
厚朴,草烏,30,5.199
川芎,槐枝,30,5.199
川芎,白芷,30,5.199
川芎,白蘞,30,5.199
川芎,苦參,30,5.199
川芎,草烏,30,5.199
川芎,黃柏,30,5.199
川芎,黃芩,30,5.199
川芎,黃連,30,5.199
川芎,龍骨,30,5.199
柳枝,黃柏,30,5.199
柳枝,黃芩,30,5.199
柳枝,黃連,30,5.199
柳枝,龍骨,30,5.199
槐枝,白及,30,5.199
漏蘆,白蘞,30,5.199
白芷,黃連,30,5.199
白芷,龍骨,30,5.199
白蘞,黃柏,30,5.199
白蘞,黃芩,30,5.199
白蘞,黃連,30,5.199
白蘞,龍骨,30,5.199
草烏,黃連,30,5.199
草烏,龍骨,30,5.199
乳香,石菖蒲,29,5.026
川牛膝,附子,29,5.026
川芎,柳枝,29,5.026
乳香,五加皮,28,4.853
乳香,萆薢,28,4.853
厚朴,白及,28,4.853
川芎,白及,28,4.853
白及,黃柏,28,4.853
白及,黃芩,28,4.853
白及,黃連,28,4.853
白及,龍骨,28,4.853
乳香,石斛,27,4.679
乳香,自然銅,27,4.679
乳香,鹿茸,27,4.679
川烏,槐枝,27,4.679
乳香,羌活,26,4.506
乳香,附子,26,4.506
厚朴,木鼈子,25,4.333
木鼈子,黃連,25,4.333
木鼈子,龍骨,25,4.333
沒藥,薄荷,25,4.333
白芷,薄荷,25,4.333
乳香,川牛膝,24,4.159
乳香,甘草,24,4.159
乳香,薄荷,24,4.159
五加皮,瓜兒血竭,24,4.159
半夏,瓜兒血竭,24,4.159
川芎,木鼈子,24,4.159
川芎,瓜兒血竭,24,4.159
木香,瓜兒血竭,24,4.159
杏仁,當歸,24,4.159
沒藥,瓜兒血竭,24,4.159
沒藥,羌活,24,4.159
瓜兒血竭,當歸,24,4.159
瓜兒血竭,石斛,24,4.159
瓜兒血竭,石菖蒲,24,4.159
瓜兒血竭,秦艽,24,4.159
瓜兒血竭,紅花,24,4.159
瓜兒血竭,肉桂,24,4.159
瓜兒血竭,自然銅,24,4.159
瓜兒血竭,蒼朮,24,4.159
瓜兒血竭,蛇床子,24,4.159
瓜兒血竭,赤芍,24,4.159
瓜兒血竭,骨碎補,24,4.159
瓜兒血竭,鹿茸,24,4.159
獨活,阿魏,23,3.986
玄參,薄荷,23,3.986
瓜兒血竭,萆薢,23,3.986
乳香,瓜兒血竭,22,3.813
川牛膝,瓜兒血竭,22,3.813
瓜兒血竭,附子,22,3.813
乳香,辣椒,21,3.64
大黃,辣椒,21,3.64
槐枝,辣椒,21,3.64
槐枝,阿魏,21,3.64
沒藥,辣椒,21,3.64
獨活,血餘,21,3.64
玄參,辣椒,21,3.64
生地黃,辣椒,21,3.64
當歸,辣椒,21,3.64
白芷,辣椒,21,3.64
肉桂,辣椒,21,3.64
赤芍,辣椒,21,3.64
川烏,辣椒,20,3.466
木鼈子,辣椒,20,3.466
柳枝,辣椒,20,3.466
草烏,辣椒,20,3.466
辣椒,阿魏,20,3.466
乳香,海螵蛸,19,3.293
厚朴,海螵蛸,19,3.293
川烏,阿魏,19,3.293
柳枝,海螵蛸,19,3.293
槐枝,海螵蛸,19,3.293
槐枝,血餘,19,3.293
沒藥,海螵蛸,19,3.293
海螵蛸,當歸,19,3.293
海螵蛸,白及,19,3.293
海螵蛸,白芷,19,3.293
海螵蛸,苦參,19,3.293
海螵蛸,黃柏,19,3.293
海螵蛸,黃芩,19,3.293
海螵蛸,黃連,19,3.293
海螵蛸,龍骨,19,3.293
草烏,阿魏,19,3.293
乳香,鼈甲,18,3.12
厚朴,鼈甲,18,3.12
川七,木鼈子,18,3.12
川烏,血餘,18,3.12
川芎,海螵蛸,18,3.12
川芎,鼈甲,18,3.12
木鼈子,海螵蛸,18,3.12
槐枝,鼈甲,18,3.12
沒藥,鼈甲,18,3.12
海螵蛸,白蘞,18,3.12
海螵蛸,草烏,18,3.12
當歸,薄荷,18,3.12
當歸,連鬚葉蔥,18,3.12
當歸,鼈甲,18,3.12
苦參,鼈甲,18,3.12
草烏,血餘,18,3.12
血餘,辣椒,18,3.12
黃柏,鼈甲,18,3.12
黃芩,鼈甲,18,3.12
黃連,鼈甲,18,3.12
鼈甲,龍骨,18,3.12
乳香,烏藥,17,2.946
柳枝,鼈甲,17,2.946
白芷,骨碎補,17,2.946
白芷,鼈甲,17,2.946
白蘞,鼈甲,17,2.946
肉桂,薄荷,17,2.946
草烏,鼈甲,17,2.946
薄荷,赤芍,17,2.946
乳香,皂角,16,2.773
升麻,生梔子,16,2.773
大黃,生梔子,16,2.773
川椒,沒藥,16,2.773
川烏,紅花,16,2.773
川烏,骨碎補,16,2.773
木鼈子,紅花,16,2.773
木鼈子,薄荷,16,2.773
木鼈子,骨碎補,16,2.773
沒藥,烏藥,16,2.773
沒藥,生梔子,16,2.773
沒藥,皂角,16,2.773
漏蘆,生梔子,16,2.773
甘草,生梔子,16,2.773
甘草,骨碎補,16,2.773
生梔子,白及,16,2.773
生梔子,白蘞,16,2.773
生梔子,紅花,16,2.773
生梔子,蘆薈,16,2.773
生梔子,青黛,16,2.773
白及,鼈甲,16,2.773
白芷,皂角,16,2.773
白芷,紅花,16,2.773
皂角,草烏,16,2.773
紅花,羌活,16,2.773
紅花,草烏,16,2.773
羌活,骨碎補,16,2.773
草烏,薄荷,16,2.773
草烏,骨碎補,16,2.773
乳香,川椒,15,2.6
乳香,黃臘,15,2.6
升麻,山梔子,15,2.6
大黃,山梔子,15,2.6
大黃,薄荷,15,2.6
山梔子,沒藥,15,2.6
山梔子,甘草,15,2.6
山梔子,白及,15,2.6
山梔子,紅花,15,2.6
山梔子,蘆薈,15,2.6
山梔子,青黛,15,2.6
川七,柳枝,15,2.6
沒藥,黃臘,15,2.6
生地黃,薄荷,15,2.6
當歸,血竭,15,2.6
肉桂,血竭,15,2.6
血竭,赤芍,15,2.6
半夏,血竭,14,2.426
厚朴,豬牙皂角,14,2.426
山梔子,白蘞,14,2.426
川芎,血竭,14,2.426
川芎,豬牙皂角,14,2.426
木香,血竭,14,2.426
槐枝,豬牙皂角,14,2.426
沒藥,血竭,14,2.426
白蘞,豬牙皂角,14,2.426
石斛,血竭,14,2.426
石菖蒲,血竭,14,2.426
秦艽,血竭,14,2.426
紅花,血竭,14,2.426
自然銅,血竭,14,2.426
苦參,豬牙皂角,14,2.426
萆薢,血竭,14,2.426
蒼朮,血竭,14,2.426
蛇床子,血竭,14,2.426
血竭,骨碎補,14,2.426
血竭,鹿茸,14,2.426
豬牙皂角,黃柏,14,2.426
豬牙皂角,黃芩,14,2.426
豬牙皂角,黃連,14,2.426
豬牙皂角,龍骨,14,2.426
赤芍,防風,14,2.426
三七,乳香,13,2.253
乳香,陳皮,13,2.253
乳香,鱉甲,13,2.253
五加皮,血竭,13,2.253
厚朴,鱉甲,13,2.253
木鼈子,鼈甲,13,2.253
柳枝,豬牙皂角,13,2.253
柳枝,鱉甲,13,2.253
槐枝,鱉甲,13,2.253
沒藥,陳皮,13,2.253
沒藥,鱉甲,13,2.253
當歸,鱉甲,13,2.253
白及,豬牙皂角,13,2.253
白芷,防風,13,2.253
白芷,鱉甲,13,2.253
白蘞,鱉甲,13,2.253
苦參,鱉甲,13,2.253
草烏,鱉甲,13,2.253
鱉甲,黃柏,13,2.253
鱉甲,黃芩,13,2.253
鱉甲,黃連,13,2.253
鱉甲,龍骨,13,2.253
丁香,白芷,12,2.08
丁香,肉桂,12,2.08
三七,木鼈子,12,2.08
三七,沒藥,12,2.08
乳香,烏賊魚骨,12,2.08
乳香,防風,12,2.08
厚朴,烏賊魚骨,12,2.08
厚朴,皂角,12,2.08
川芎,烏賊魚骨,12,2.08
川芎,鱉甲,12,2.08
木鼈子,鱉甲,12,2.08
柳枝,皂角,12,2.08
槐枝,烏藥,12,2.08
槐枝,烏賊魚骨,12,2.08
槐枝,獨活,12,2.08
槐枝,甘草,12,2.08
槐枝,皂角,12,2.08
槐枝,羌活,12,2.08
沒藥,烏賊魚骨,12,2.08
烏賊魚骨,當歸,12,2.08
烏賊魚骨,白蘞,12,2.08
烏賊魚骨,苦參,12,2.08
烏賊魚骨,草烏,12,2.08
烏賊魚骨,黃柏,12,2.08
烏賊魚骨,黃芩,12,2.08
烏賊魚骨,黃連,12,2.08
烏賊魚骨,龍骨,12,2.08
當歸,皂角,12,2.08
當歸,防風,12,2.08
白及,鱉甲,12,2.08
皂角,苦參,12,2.08
皂角,黃柏,12,2.08
皂角,黃芩,12,2.08
皂角,黃連,12,2.08
皂角,龍骨,12,2.08
丁香,大黃,11,1.906
丁香,川烏,11,1.906
丁香,木鼈子,11,1.906
丁香,柳枝,11,1.906
丁香,烏藥,11,1.906
丁香,獨活,11,1.906
丁香,玄參,11,1.906
丁香,甘草,11,1.906
丁香,當歸,11,1.906
丁香,白及,11,1.906
丁香,白蘞,11,1.906
丁香,羌活,11,1.906
丁香,苦參,11,1.906
丁香,草烏,11,1.906
丁香,赤芍,11,1.906
乳香,豬牙皂,11,1.906
乳香,連鬚葉葱,11,1.906
大黃,蒼朮,11,1.906
大黃,防風,11,1.906
山梔子,漏蘆,11,1.906
川牛膝,血竭,11,1.906
川芎,皂角,11,1.906
木鼈子,皂角,11,1.906
柳枝,烏賊魚骨,11,1.906
沒藥,豬牙皂,11,1.906
沒藥,連鬚葉葱,11,1.906
沒藥,防風,11,1.906
海螵蛸,皂角,11,1.906
烏賊魚骨,白芷,11,1.906
烏賊魚骨,豬牙皂角,11,1.906
玄參,連鬚葉葱,11,1.906
甘草,防風,11,1.906
白及,皂角,11,1.906
白芷,蒼朮,11,1.906
白芷,連鬚葉葱,11,1.906
白蘞,皂角,11,1.906
羌活,防風,11,1.906
血竭,附子,11,1.906
丁香,生地黃,10,1.733
三七,威靈仙,10,1.733
三七,蓖麻子,10,1.733
乳香,荊芥,10,1.733
乳香,蓮鬚葉蔥,10,1.733
五加皮,透骨草,10,1.733
半夏,透骨草,10,1.733
川七,甘草,10,1.733
川七,苦參,10,1.733
川七,赤芍,10,1.733
川椒,牙皂,10,1.733
川椒,防風,10,1.733
川牛膝,透骨草,10,1.733
川芎,透骨草,10,1.733
木香,透骨草,10,1.733
木鼈子,防風,10,1.733
杏仁,連鬚葉葱,10,1.733
沒藥,牙皂,10,1.733
沒藥,荊芥,10,1.733
沒藥,蓮鬚葉蔥,10,1.733
沒藥,透骨草,10,1.733
海螵蛸,鱉甲,10,1.733
獨活,薄荷,10,1.733
玄參,蓮鬚葉蔥,10,1.733
甘草,蒼朮,10,1.733
當歸,白膠香,10,1.733
當歸,透骨草,10,1.733
白芷,荊芥,10,1.733
白芷,蓮鬚葉蔥,10,1.733
石斛,透骨草,10,1.733
石菖蒲,透骨草,10,1.733
秦艽,透骨草,10,1.733
紅花,透骨草,10,1.733
肉桂,透骨草,10,1.733
自然銅,透骨草,10,1.733
草烏,連鬚葉葱,10,1.733
荊芥,防風,10,1.733
萆薢,透骨草,10,1.733
蒼朮,透骨草,10,1.733
蛇床子,透骨草,10,1.733
豬牙皂角,鼈甲,10,1.733
赤芍,透骨草,10,1.733
透骨草,骨碎補,10,1.733
透骨草,鹿茸,10,1.733
丁香,川七,9,1.56
乳香,川七,9,1.56
乳香,梅片,9,1.56
乳香,牙皂,9,1.56
半夏,大黃,9,1.56
大黃,川七,9,1.56
大黃,澤蘭,9,1.56
大黃,細辛,9,1.56
大黃,荊芥,9,1.56
大黃,連翹,9,1.56
大黃,黃柏,9,1.56
威靈仙,川七,9,1.56
威靈仙,柳枝,9,1.56
威靈仙,黃臘,9,1.56
川七,川烏,9,1.56
川七,沒藥,9,1.56
川七,烏藥,9,1.56
川七,獨活,9,1.56
川七,玄參,9,1.56
川七,當歸,9,1.56
川七,白及,9,1.56
川七,白芷,9,1.56
川七,白蘞,9,1.56
川七,羌活,9,1.56
川七,肉桂,9,1.56
川七,草烏,9,1.56
川七,蓖麻子,9,1.56
川椒,甘草,9,1.56
川椒,赤芍,9,1.56
川椒,陳皮,9,1.56
川烏,荊芥,9,1.56
川烏,防風,9,1.56
川烏,黃柏,9,1.56
川烏,黃芩,9,1.56
木鼈子,澤蘭,9,1.56
木鼈子,細辛,9,1.56
木鼈子,蒼朮,9,1.56
木鼈子,豬牙皂角,9,1.56
木鼈子,黃臘,9,1.56
杏仁,蓮鬚葉蔥,9,1.56
柳枝,蓖麻子,9,1.56
梅片,沒藥,9,1.56
海螵蛸,鼈甲,9,1.56
澤蘭,烏藥,9,1.56
澤蘭,獨活,9,1.56
澤蘭,玄參,9,1.56
澤蘭,甘草,9,1.56
澤蘭,生地黃,9,1.56
澤蘭,當歸,9,1.56
澤蘭,白及,9,1.56
澤蘭,白芷,9,1.56
澤蘭,白蘞,9,1.56
澤蘭,羌活,9,1.56
澤蘭,肉桂,9,1.56
澤蘭,苦參,9,1.56
澤蘭,赤芍,9,1.56
烏賊魚骨,白及,9,1.56
烏賊魚骨,鼈甲,9,1.56
牙皂,陳皮,9,1.56
甘草,黃柏,9,1.56
當歸,細辛,9,1.56
當歸,荊芥,9,1.56
當歸,連翹,9,1.56
當歸尾,連鬚葉葱,9,1.56
白膠香,薄荷,9,1.56
白芷,細辛,9,1.56
白芷,連翹,9,1.56
細辛,羌活,9,1.56
細辛,蒼朮,9,1.56
細辛,防風,9,1.56
羌活,蒼朮,9,1.56
苦參,薄荷,9,1.56
草烏,荊芥,9,1.56
草烏,蓮鬚葉蔥,9,1.56
草烏,防風,9,1.56
荊芥,赤芍,9,1.56
荊芥,骨碎補,9,1.56
蒼朮,防風,9,1.56
蒼朮,黃柏,9,1.56
蓖麻子,黃臘,9,1.56
蓮鬚葉蔥,豬牙皂角,9,1.56
薄荷,豬牙皂角,9,1.56
血竭,透骨草,9,1.56
赤芍,連翹,9,1.56
防風,骨碎補,9,1.56
乳香,何首烏,8,1.386
乳香,細辛,8,1.386
乳香,連翹,8,1.386
何首烏,半夏,8,1.386
何首烏,大黃,8,1.386
何首烏,川烏,8,1.386
何首烏,木鼈子,8,1.386
何首烏,沒藥,8,1.386
何首烏,甘草,8,1.386
何首烏,當歸,8,1.386
何首烏,白芷,8,1.386
何首烏,秦艽,8,1.386
何首烏,紅花,8,1.386
何首烏,細辛,8,1.386
何首烏,羌活,8,1.386
何首烏,草烏,8,1.386
何首烏,荊芥,8,1.386
何首烏,蒼朮,8,1.386
何首烏,蛇床子,8,1.386
何首烏,赤芍,8,1.386
何首烏,連翹,8,1.386
何首烏,防風,8,1.386
何首烏,骨碎補,8,1.386
何首烏,黃柏,8,1.386
何首烏,黃芩,8,1.386
半夏,川烏,8,1.386
半夏,木鼈子,8,1.386
半夏,甘草,8,1.386
半夏,白芷,8,1.386
半夏,細辛,8,1.386
半夏,羌活,8,1.386
半夏,草烏,8,1.386
半夏,荊芥,8,1.386
半夏,連翹,8,1.386
半夏,防風,8,1.386
半夏,黃柏,8,1.386
半夏,黃芩,8,1.386
土木鼈,大黃,8,1.386
土木鼈,玄參,8,1.386
土木鼈,生地黃,8,1.386
土木鼈,白芷,8,1.386
土木鼈,肉桂,8,1.386
大黃,秦艽,8,1.386
大黃,蛇床子,8,1.386
大黃,骨碎補,8,1.386
大黃,黃芩,8,1.386
川七,生地黃,8,1.386
川烏,澤蘭,8,1.386
川烏,秦艽,8,1.386
川烏,細辛,8,1.386
川烏,蒼朮,8,1.386
川烏,蛇床子,8,1.386
川烏,連翹,8,1.386
木鼈子,秦艽,8,1.386
木鼈子,荊芥,8,1.386
木鼈子,蛇床子,8,1.386
木鼈子,連翹,8,1.386
杏仁,薄荷,8,1.386
柳枝,紅花,8,1.386
柳枝,骨碎補,8,1.386
沒藥,細辛,8,1.386
沒藥,連翹,8,1.386
沒藥,麝香酮,8,1.386
澤蘭,草烏,8,1.386
烏藥,紅花,8,1.386
烏藥,骨碎補,8,1.386
獨活,紅花,8,1.386
獨活,骨碎補,8,1.386
玄參,紅花,8,1.386
玄參,骨碎補,8,1.386
甘草,秦艽,8,1.386
甘草,細辛,8,1.386
甘草,荊芥,8,1.386
甘草,蛇床子,8,1.386
甘草,連翹,8,1.386
甘草,黃芩,8,1.386
當歸尾,蓮鬚葉蔥,8,1.386
當歸尾,薄荷,8,1.386
白膠香,連鬚葉葱,8,1.386
白芷,秦艽,8,1.386
白芷,蛇床子,8,1.386
白芷,豬牙皂,8,1.386
白蘞,薄荷,8,1.386
白蘞,骨碎補,8,1.386
秦艽,細辛,8,1.386
秦艽,羌活,8,1.386
秦艽,草烏,8,1.386
秦艽,荊芥,8,1.386
秦艽,連翹,8,1.386
秦艽,防風,8,1.386
秦艽,黃柏,8,1.386
秦艽,黃芩,8,1.386
紅花,細辛,8,1.386
紅花,苦參,8,1.386
紅花,荊芥,8,1.386
紅花,連翹,8,1.386
紅花,防風,8,1.386
紅花,黃柏,8,1.386
紅花,黃芩,8,1.386
細辛,草烏,8,1.386
細辛,荊芥,8,1.386
細辛,蛇床子,8,1.386
細辛,赤芍,8,1.386
細辛,連翹,8,1.386
細辛,骨碎補,8,1.386
細辛,黃柏,8,1.386
細辛,黃芩,8,1.386
羌活,荊芥,8,1.386
羌活,薄荷,8,1.386
羌活,蛇床子,8,1.386
羌活,連翹,8,1.386
羌活,黃柏,8,1.386
羌活,黃芩,8,1.386
苦參,骨碎補,8,1.386
草烏,蒼朮,8,1.386
草烏,蛇床子,8,1.386
草烏,連翹,8,1.386
荊芥,蒼朮,8,1.386
荊芥,蛇床子,8,1.386
荊芥,連翹,8,1.386
荊芥,黃柏,8,1.386
荊芥,黃芩,8,1.386
蒼朮,連翹,8,1.386
蒼朮,黃芩,8,1.386
蛇床子,連翹,8,1.386
蛇床子,防風,8,1.386
蛇床子,黃柏,8,1.386
蛇床子,黃芩,8,1.386
赤芍,黃柏,8,1.386
赤芍,黃芩,8,1.386
連翹,防風,8,1.386
連翹,骨碎補,8,1.386
連翹,黃柏,8,1.386
連翹,黃芩,8,1.386
防風,黃柏,8,1.386
防風,黃芩,8,1.386
骨碎補,黃柏,8,1.386
骨碎補,黃芩,8,1.386
一條根,大黃,7,1.213
一條根,沒藥,7,1.213
乳香,生南星,7,1.213
乳香,金銀花,7,1.213
何首烏,生南星,7,1.213
何首烏,金銀花,7,1.213
半夏,殭蠶,7,1.213
半夏,生南星,7,1.213
半夏,金銀花,7,1.213
土木鼈,赤芍,7,1.213
大黃,川椒,7,1.213
大黃,殭蠶,7,1.213
大黃,生南星,7,1.213
大黃,金銀花,7,1.213
川椒,木鼈子,7,1.213
川椒,當歸,7,1.213
川椒,白芷,7,1.213
川椒,細辛,7,1.213
川椒,羌活,7,1.213
川椒,蒼朮,7,1.213
川烏,生南星,7,1.213
川烏,生地,7,1.213
川烏,薄荷,7,1.213
川烏,金銀花,7,1.213
木鼈子,烏賊魚骨,7,1.213
木鼈子,生南星,7,1.213
木鼈子,金銀花,7,1.213
梅片,白芷,7,1.213
沒藥,活性炭,7,1.213
沒藥,生南星,7,1.213
沒藥,金銀花,7,1.213
烏藥,生地,7,1.213
烏藥,薄荷,7,1.213
獨活,生地,7,1.213
玄參,生地,7,1.213
甘草,生南星,7,1.213
甘草,生地,7,1.213
甘草,薄荷,7,1.213
甘草,金銀花,7,1.213
生南星,當歸,7,1.213
生南星,白芷,7,1.213
生南星,秦艽,7,1.213
生南星,紅花,7,1.213
生南星,細辛,7,1.213
生南星,羌活,7,1.213
生南星,草烏,7,1.213
生南星,荊芥,7,1.213
生南星,蒼朮,7,1.213
生南星,蛇床子,7,1.213
生南星,赤芍,7,1.213
生南星,連翹,7,1.213
生南星,防風,7,1.213
生南星,骨碎補,7,1.213
生南星,黃柏,7,1.213
生南星,黃芩,7,1.213
生地,當歸,7,1.213
生地,白芷,7,1.213
生地,白蘞,7,1.213
生地,羌活,7,1.213
生地,草烏,7,1.213
生地,赤芍,7,1.213
生地黃,紅花,7,1.213
生地黃,骨碎補,7,1.213
當歸,金銀花,7,1.213
白及,薄荷,7,1.213
白及,骨碎補,7,1.213
白膠香,皂角,7,1.213
白膠香,蓮鬚葉蔥,7,1.213
白芷,金銀花,7,1.213
皂角,鱉甲,7,1.213
秦艽,金銀花,7,1.213
紅花,金銀花,7,1.213
細辛,金銀花,7,1.213
羌活,金銀花,7,1.213
草烏,金銀花,7,1.213
荊芥,金銀花,7,1.213
蒼朮,金銀花,7,1.213
蛇床子,金銀花,7,1.213
豬牙皂角,連鬚葉葱,7,1.213
赤芍,金銀花,7,1.213
透骨草,附子,7,1.213
連翹,金銀花,7,1.213
金銀花,防風,7,1.213
金銀花,骨碎補,7,1.213
金銀花,黃柏,7,1.213
金銀花,黃芩,7,1.213
三七,當歸,6,1.04
乳香,土木鼈,6,1.04
乳香,大楓子,6,1.04
乳香,殭蠶,6,1.04
乳香,活性炭,6,1.04
乳香,田七,6,1.04
何首烏,大楓子,6,1.04
何首烏,川椒,6,1.04
何首烏,殭蠶,6,1.04
半夏,大楓子,6,1.04
半夏,川椒,6,1.04
土木鼈,沒藥,6,1.04
大楓子,大黃,6,1.04
大楓子,川烏,6,1.04
大楓子,木鼈子,6,1.04
大楓子,沒藥,6,1.04
大楓子,甘草,6,1.04
大楓子,生南星,6,1.04
大楓子,當歸,6,1.04
大楓子,白芷,6,1.04
大楓子,秦艽,6,1.04
大楓子,紅花,6,1.04
大楓子,細辛,6,1.04
大楓子,羌活,6,1.04
大楓子,草烏,6,1.04
大楓子,荊芥,6,1.04
大楓子,蒼朮,6,1.04
大楓子,蛇床子,6,1.04
大楓子,赤芍,6,1.04
大楓子,連翹,6,1.04
大楓子,防風,6,1.04
大楓子,骨碎補,6,1.04
大楓子,黃柏,6,1.04
大楓子,黃芩,6,1.04
威靈仙,田七,6,1.04
川椒,川烏,6,1.04
川椒,秦艽,6,1.04
川椒,紅花,6,1.04
川椒,草烏,6,1.04
川椒,荊芥,6,1.04
川椒,蛇床子,6,1.04
川椒,連翹,6,1.04
川椒,骨碎補,6,1.04
川椒,黃柏,6,1.04
川椒,黃芩,6,1.04
川烏,殭蠶,6,1.04
木鼈子,梅片,6,1.04
木鼈子,殭蠶,6,1.04
木鼈子,活性炭,6,1.04
木鼈子,田七,6,1.04
杏仁,豬牙皂,6,1.04
杏仁,黃臘,6,1.04
梅片,玄參,6,1.04
梅片,草烏,6,1.04
殭蠶,沒藥,6,1.04
殭蠶,甘草,6,1.04
殭蠶,生南星,6,1.04
殭蠶,當歸,6,1.04
殭蠶,白芷,6,1.04
殭蠶,秦艽,6,1.04
殭蠶,紅花,6,1.04
殭蠶,細辛,6,1.04
殭蠶,羌活,6,1.04
殭蠶,草烏,6,1.04
殭蠶,荊芥,6,1.04
殭蠶,蒼朮,6,1.04
殭蠶,蛇床子,6,1.04
殭蠶,赤芍,6,1.04
殭蠶,連翹,6,1.04
殭蠶,防風,6,1.04
殭蠶,骨碎補,6,1.04
殭蠶,黃柏,6,1.04
殭蠶,黃芩,6,1.04
沒藥,田七,6,1.04
牛膝,當歸,6,1.04
牛膝,蒼朮,6,1.04
玄參,豬牙皂,6,1.04
玄參,黃臘,6,1.04
生南星,金銀花,6,1.04
生地,白及,6,1.04
生地,苦參,6,1.04
田七,蓖麻子,6,1.04
當歸,豬牙皂,6,1.04
當歸尾,黃臘,6,1.04
白及,白膠香,6,1.04
白膠香,黃臘,6,1.04
白芷,黃臘,6,1.04
草烏,豬牙皂,6,1.04
草烏,黃臘,6,1.04
豬牙皂角,黃臘,6,1.04
一條根,甘草,5,0.867
一條根,白蘞,5,0.867
三七,赤芍,5,0.867
乳香,木鼈子仁,5,0.867
乳香,牛膝,5,0.867
乳香,花椒,5,0.867
乳香,血竭,5,0.867
五加皮,牛膝,5,0.867
升麻,梔子,5,0.867
升麻,漏盧,5,0.867
半夏,牛膝,5,0.867
厚朴,木鼈子仁,5,0.867
厚朴,白膠香,5,0.867
土木鼈,當歸,5,0.867
土木鼈,血餘,5,0.867
土木鼈,阿魏,5,0.867
大楓子,殭蠶,5,0.867
大楓子,金銀花,5,0.867
大黃,天南星,5,0.867
大黃,梔子,5,0.867
大黃,漏盧,5,0.867
川椒,殭蠶,5,0.867
川椒,生南星,5,0.867
川椒,金銀花,5,0.867
川芎,木鼈子仁,5,0.867
川芎,牛膝,5,0.867
木香,牛膝,5,0.867
木鼈子,生地,5,0.867
木鼈子,白膠香,5,0.867
木鼈子仁,柳枝,5,0.867
木鼈子仁,槐枝,5,0.867
木鼈子仁,沒藥,5,0.867
木鼈子仁,烏賊魚骨,5,0.867
木鼈子仁,當歸,5,0.867
木鼈子仁,白蘞,5,0.867
木鼈子仁,苦參,5,0.867
木鼈子仁,草烏,5,0.867
木鼈子仁,豬牙皂角,5,0.867
木鼈子仁,黃柏,5,0.867
木鼈子仁,黃芩,5,0.867
木鼈子仁,黃連,5,0.867
木鼈子仁,鼈甲,5,0.867
木鼈子仁,龍骨,5,0.867
柳枝,白膠香,5,0.867
梅片,白膠香,5,0.867
梅片,豬牙皂角,5,0.867
梔子,沒藥,5,0.867
梔子,甘草,5,0.867
梔子,白及,5,0.867
梔子,白蘞,5,0.867
梔子,紅花,5,0.867
梔子,蘆薈,5,0.867
梔子,青黛,5,0.867
槐枝,白膠香,5,0.867
殭蠶,金銀花,5,0.867
沒藥,漏盧,5,0.867
沒藥,牛膝,5,0.867
沒藥,花椒,5,0.867
海螵蛸,白膠香,5,0.867
漏盧,甘草,5,0.867
漏盧,白及,5,0.867
漏盧,白蘞,5,0.867
漏盧,紅花,5,0.867
漏盧,蘆薈,5,0.867
漏盧,青黛,5,0.867
牛膝,石斛,5,0.867
牛膝,石菖蒲,5,0.867
牛膝,秦艽,5,0.867
牛膝,紅花,5,0.867
牛膝,肉桂,5,0.867
牛膝,自然銅,5,0.867
牛膝,萆薢,5,0.867
牛膝,蛇床子,5,0.867
牛膝,赤芍,5,0.867
牛膝,附子,5,0.867
牛膝,骨碎補,5,0.867
牛膝,鹿茸,5,0.867
生地,肉桂,5,0.867
白膠香,白蘞,5,0.867
白膠香,苦參,5,0.867
白膠香,黃柏,5,0.867
白膠香,黃芩,5,0.867
白膠香,黃連,5,0.867
白膠香,龍骨,5,0.867
皂角,鼈甲,5,0.867
紅花,麝香酮,5,0.867
薄荷,血餘,5,0.867
薄荷,連鬚葉蔥,5,0.867
薄荷,阿魏,5,0.867
連鬚葉蔥,黃臘,5,0.867
一條根,升麻,4,0.693
一條根,漏蘆,4,0.693
一條根,白及,4,0.693
一條根,紅花,4,0.693
一條根,蘆薈,4,0.693
一條根,青黛,4,0.693
三七,甘草,4,0.693
三七,苦參,4,0.693
乳香,人工麝香,4,0.693
乳香,山梨醇,4,0.693
乳香,檸檬酸,4,0.693
乳香,白陶土,4,0.693
乳香,皂莢,4,0.693
乳香,蟬蛻,4,0.693
乳香,蟬退,4,0.693
乳香,赤芍藥,4,0.693
乳香,麝香酮,4,0.693
人工麝香,沒藥,4,0.693
何首烏,蟬蛻,4,0.693
何首烏,蟬退,4,0.693
升麻,麝香酮,4,0.693
半夏,蟬蛻,4,0.693
半夏,蟬退,4,0.693
土木鼈,獨活,4,0.693
大楓子,川椒,4,0.693
大楓子,蟬蛻,4,0.693
大黃,生地,4,0.693
大黃,蟬蛻,4,0.693
大黃,蟬退,4,0.693
大黃,赤芍藥,4,0.693
大黃,麝香酮,4,0.693
大黃,黃丹,4,0.693
天南星,白芷,4,0.693
天南星,蒼朮,4,0.693
威靈仙,薄荷,4,0.693
山梔子,漏盧,4,0.693
山梨醇,檸檬酸,4,0.693
山梨醇,沒藥,4,0.693
山梨醇,白陶土,4,0.693
川烏,苦參子,4,0.693
川烏,蟬蛻,4,0.693
川烏,蟬退,4,0.693
川芎,白膠香,4,0.693
木鼈子,苦參子,4,0.693
木鼈子,蟬蛻,4,0.693
木鼈子,蟬退,4,0.693
木鼈子仁,白及,4,0.693
木鼈子仁,白芷,4,0.693
杏仁,梅片,4,0.693
杏仁,皂角,4,0.693
柳枝,生地,4,0.693
柳枝,苦參子,4,0.693
梅片,當歸尾,4,0.693
梅片,黃臘,4,0.693
梔子,漏蘆,4,0.693
檸檬酸,沒藥,4,0.693
檸檬酸,白陶土,4,0.693
沒藥,白陶土,4,0.693
沒藥,皂莢,4,0.693
沒藥,蟬蛻,4,0.693
沒藥,蟬退,4,0.693
沒藥,赤芍藥,4,0.693
烏藥,苦參子,4,0.693
獨活,苦參子,4,0.693
玄參,皂角,4,0.693
玄參,苦參子,4,0.693
玄參,赤芍藥,4,0.693
甘草,苦參子,4,0.693
甘草,蟬蛻,4,0.693
甘草,蟬退,4,0.693
甘草,麝香酮,4,0.693
生南星,蟬蛻,4,0.693
生地黃,赤芍藥,4,0.693
當歸,苦參子,4,0.693
當歸,蟬蛻,4,0.693
當歸,蟬退,4,0.693
當歸尾,皂角,4,0.693
白及,苦參子,4,0.693
白及,麝香酮,4,0.693
白芷,皂莢,4,0.693
白芷,苦參子,4,0.693
白芷,蟬蛻,4,0.693
白芷,蟬退,4,0.693
白芷,赤芍藥,4,0.693
白芷,黃丹,4,0.693
白蘞,苦參子,4,0.693
白蘞,麝香酮,4,0.693
皂莢,草烏,4,0.693
秦艽,蟬蛻,4,0.693
秦艽,蟬退,4,0.693
紅花,蟬蛻,4,0.693
紅花,蟬退,4,0.693
細辛,蟬蛻,4,0.693
細辛,蟬退,4,0.693
羌活,苦參子,4,0.693
羌活,蟬蛻,4,0.693
羌活,蟬退,4,0.693
肉桂,苦參子,4,0.693
肉桂,赤芍藥,4,0.693
肉桂,防風,4,0.693
苦參,防風,4,0.693
苦參子,草烏,4,0.693
苦參子,赤芍,4,0.693
草烏,蟬蛻,4,0.693
草烏,蟬退,4,0.693
荊芥,蟬蛻,4,0.693
荊芥,蟬退,4,0.693
蒼朮,蟬蛻,4,0.693
蒼朮,蟬退,4,0.693
蓖麻子,薄荷,4,0.693
蘆薈,麝香酮,4,0.693
蛇床子,蟬蛻,4,0.693
蛇床子,蟬退,4,0.693
蟬蛻,赤芍,4,0.693
蟬蛻,連翹,4,0.693
蟬蛻,金銀花,4,0.693
蟬蛻,防風,4,0.693
蟬蛻,骨碎補,4,0.693
蟬蛻,黃柏,4,0.693
蟬蛻,黃芩,4,0.693
蟬退,赤芍,4,0.693
蟬退,連翹,4,0.693
蟬退,防風,4,0.693
蟬退,骨碎補,4,0.693
蟬退,黃柏,4,0.693
蟬退,黃芩,4,0.693
血餘,赤芍藥,4,0.693
豬牙皂,連鬚葉蔥,4,0.693
豬牙皂角,鱉甲,4,0.693
赤芍,鐵線透骨草,4,0.693
赤芍藥,阿魏,4,0.693
青黛,麝香酮,4,0.693
一條根,乳香,3,0.52
一條根,木鼈子,3,0.52
一條根,獨活,3,0.52
一條根,玄參,3,0.52
一條根,生地黃,3,0.52
一條根,生梔子,3,0.52
一條根,當歸,3,0.52
一條根,白芷,3,0.52
一條根,肉桂,3,0.52
一條根,赤芍,3,0.52
一條根,麝香酮,3,0.52
三七,人工麝香,3,0.52
三七,兒茶,3,0.52
三七,土鱉蟲,3,0.52
三七,大黃,3,0.52
三七,柳枝,3,0.52
三七,烏藥,3,0.52
三七,白及,3,0.52
三七,白芷,3,0.52
三七,白蘞,3,0.52
三七,肉桂,3,0.52
乳香,冬青油,3,0.52
乳香,木虌子,3,0.52
乳香,羧甲基纖維素-1380,3,0.52
乳香,羧甲基纖維素-2200,3,0.52
五加皮,川附子,3,0.52
人工麝香,當歸,3,0.52
兒茶,土鱉蟲,3,0.52
兒茶,當歸,3,0.52
冬青油,沒藥,3,0.52
冬青油,白芷,3,0.52
升麻,川椒,3,0.52
升麻,牡丹皮,3,0.52
升麻,艾草,3,0.52
升麻,苦參,3,0.52
升麻,赤芍,3,0.52
升麻,金不換,3,0.52
升麻,鐵線透骨草,3,0.52
升麻,防風,3,0.52
半夏,川附子,3,0.52
厚朴,皂莢,3,0.52
土木鼈,川烏,3,0.52
土木鼈,柳枝,3,0.52
土木鼈,烏藥,3,0.52
土木鼈,甘草,3,0.52
土木鼈,白蘞,3,0.52
土木鼈,羌活,3,0.52
土木鼈,苦參,3,0.52
土木鼈,草烏,3,0.52
土鱉蟲,當歸,3,0.52
大黃,白殭蠶,3,0.52
大黃,陳皮,3,0.52
天南星,甘草,3,0.52
威靈仙,梅片,3,0.52
威靈仙,活性炭,3,0.52
山梨醇,羧甲基纖維素-1380,3,0.52
山梨醇,羧甲基纖維素-2200,3,0.52
川椒,牡丹皮,3,0.52
川椒,艾草,3,0.52
川椒,苦參,3,0.52
川椒,蟬蛻,3,0.52
川椒,蟬退,3,0.52
川椒,金不換,3,0.52
川椒,鐵線透骨草,3,0.52
川牛膝,川附子,3,0.52
川芎,川附子,3,0.52
川芎,皂莢,3,0.52
川附子,木香,3,0.52
川附子,沒藥,3,0.52
川附子,當歸,3,0.52
川附子,石斛,3,0.52
川附子,石菖蒲,3,0.52
川附子,秦艽,3,0.52
川附子,紅花,3,0.52
川附子,肉桂,3,0.52
川附子,自然銅,3,0.52
川附子,萆薢,3,0.52
川附子,蒼朮,3,0.52
川附子,蛇床子,3,0.52
川附子,血竭,3,0.52
川附子,赤芍,3,0.52
川附子,透骨草,3,0.52
川附子,骨碎補,3,0.52
川附子,鹿茸,3,0.52
木虌子,沒藥,3,0.52
木虌子,當歸,3,0.52
木虌子,白芷,3,0.52
木虌子,白蘞,3,0.52
木鼈子,白殭蠶,3,0.52
木鼈子,皂莢,3,0.52
木鼈子,赤芍藥,3,0.52
木鼈子,黃丹,3,0.52
柳枝,梅片,3,0.52
柳枝,皂莢,3,0.52
柳枝,薄荷,3,0.52
梅片,當歸,3,0.52
梅片,蓖麻子,3,0.52
梅片,連鬚葉蔥,3,0.52
槐枝,皂莢,3,0.52
檸檬酸,羧甲基纖維素-1380,3,0.52
檸檬酸,羧甲基纖維素-2200,3,0.52
殭蠶,蟬蛻,3,0.52
殭蠶,蟬退,3,0.52
沒藥,羧甲基纖維素-1380,3,0.52
沒藥,羧甲基纖維素-2200,3,0.52
活性炭,當歸,3,0.52
活性炭,白芷,3,0.52
活性炭,肉桂,3,0.52
活性炭,蓖麻子,3,0.52
活性炭,赤芍,3,0.52
海螵蛸,皂莢,3,0.52
海螵蛸,豬牙皂角,3,0.52
漏蘆,麝香酮,3,0.52
烏賊魚骨,鱉甲,3,0.52
牛膝,血竭,3,0.52
牡丹皮,甘草,3,0.52
牡丹皮,艾草,3,0.52
牡丹皮,苦參,3,0.52
牡丹皮,赤芍,3,0.52
牡丹皮,金不換,3,0.52
牡丹皮,鐵線透骨草,3,0.52
牡丹皮,防風,3,0.52
玄參,黃丹,3,0.52
甘草,艾草,3,0.52
甘草,金不換,3,0.52
甘草,鐵線透骨草,3,0.52
生南星,蟬退,3,0.52
生地黃,苦參子,3,0.52
生地黃,黃丹,3,0.52
當歸,白殭蠶,3,0.52
當歸,皂莢,3,0.52
當歸,赤芍藥,3,0.52
當歸,黃丹,3,0.52
白及,皂莢,3,0.52
白及,黃丹,3,0.52
白殭蠶,白芷,3,0.52
白殭蠶,細辛,3,0.52
白殭蠶,羌活,3,0.52
白殭蠶,蒼朮,3,0.52
白殭蠶,防風,3,0.52
白膠香,鱉甲,3,0.52
白芷,陳皮,3,0.52
白蘞,皂莢,3,0.52
白蘞,黃丹,3,0.52
白陶土,羧甲基纖維素-1380,3,0.52
白陶土,羧甲基纖維素-2200,3,0.52
皂莢,苦參,3,0.52
皂莢,黃柏,3,0.52
皂莢,黃芩,3,0.52
皂莢,黃連,3,0.52
皂莢,龍骨,3,0.52
皂角,連鬚葉葱,3,0.52
羧甲基纖維素-1380,羧甲基纖維素-2200,3,0.52
肉桂,黃丹,3,0.52
艾草,苦參,3,0.52
艾草,赤芍,3,0.52
艾草,金不換,3,0.52
艾草,鐵線透骨草,3,0.52
艾草,防風,3,0.52
花椒,豬牙皂,3,0.52
花椒,陳皮,3,0.52
苦參,金不換,3,0.52
苦參,鐵線透骨草,3,0.52
苦參,黃丹,3,0.52
草烏,黃丹,3,0.52
蓮鬚葉蔥,薄荷,3,0.52
蟬退,金銀花,3,0.52
豬牙皂,陳皮,3,0.52
赤芍,金不換,3,0.52
金不換,鐵線透骨草,3,0.52
金不換,防風,3,0.52
鐵線透骨草,防風,3,0.52
一條根,柳枝,2,0.347
丁香,三七,2,0.347
三七,升麻,2,0.347
三七,川椒,2,0.347
三七,川烏,2,0.347
三七,牡丹皮,2,0.347
三七,獨活,2,0.347
三七,玄參,2,0.347
三七,生地黃,2,0.347
三七,羌活,2,0.347
三七,艾草,2,0.347
三七,草烏,2,0.347
三七,金不換,2,0.347
三七,鐵線透骨草,2,0.347
三七,防風,2,0.347
乳香,乾薑,2,0.347
乳香,兒茶,2,0.347
乳香,土鱉蟲,2,0.347
乳香,大風子,2,0.347
乳香,桂枝,2,0.347
乳香,炮附子,2,0.347
乳香,田七(川七),2,0.347
乳香,白殭蠶,2,0.347
乳香,白膠香(明者),2,0.347
乳香,藥用炭,2,0.347
乳香,豬牙皂角(去皮弦),2,0.347
乳香,黃丹,2,0.347
乾薑,沒藥,2,0.347
乾薑,白芷,2,0.347
乾薑,肉桂,2,0.347
五加皮,炮附子,2,0.347
人工麝香,兒茶,2,0.347
人工麝香,土鱉蟲,2,0.347
何首烏,大風子,2,0.347
何首烏,白殭蠶,2,0.347
何首烏,花椒,2,0.347
兒茶,沒藥,2,0.347
冬青油,草烏,2,0.347
升麻,鶴虱,2,0.347
半夏,大風子,2,0.347
半夏,天南星,2,0.347
半夏,炮附子,2,0.347
半夏,白殭蠶,2,0.347
半夏,花椒,2,0.347
厚朴,大黃,2,0.347
厚朴,天南星,2,0.347
厚朴,甘草,2,0.347
厚朴,蒼朮,2,0.347
厚朴,薑黃,2,0.347
厚朴,豬牙皂,2,0.347
厚朴,陳皮,2,0.347
吳茱萸,當歸,2,0.347
土木鼈,白及,2,0.347
土鱉蟲,沒藥,2,0.347
大楓子,花椒,2,0.347
大楓子,蟬退,2,0.347
大風子,大黃,2,0.347
大風子,川椒,2,0.347
大風子,川烏,2,0.347
大風子,木鼈子,2,0.347
大風子,沒藥,2,0.347
大風子,甘草,2,0.347
大風子,當歸,2,0.347
大風子,白芷,2,0.347
大風子,秦艽,2,0.347
大風子,紅花,2,0.347
大風子,細辛,2,0.347
大風子,羌活,2,0.347
大風子,草烏,2,0.347
大風子,荊芥,2,0.347
大風子,蒼朮,2,0.347
大風子,蛇床子,2,0.347
大風子,蟬退,2,0.347
大風子,赤芍,2,0.347
大風子,連翹,2,0.347
大風子,金銀花,2,0.347
大風子,防風,2,0.347
大風子,骨碎補,2,0.347
大風子,黃柏,2,0.347
大風子,黃芩,2,0.347
大黃,木瓜,2,0.347
大黃,木虌子,2,0.347
大黃,桂枝,2,0.347
大黃,梅片,2,0.347
大黃,活性炭,2,0.347
大黃,花椒,2,0.347
大黃,薑黃,2,0.347
大黃,附子,2,0.347
天南星,川椒,2,0.347
天南星,木鼈子,2,0.347
天南星,當歸,2,0.347
天南星,白殭蠶,2,0.347
天南星,細辛,2,0.347
天南星,羌活,2,0.347
天南星,薑黃,2,0.347
天南星,防風,2,0.347
天南星,陳皮,2,0.347
天南星,黃柏,2,0.347
威靈仙,山梨醇,2,0.347
威靈仙,檸檬酸,2,0.347
威靈仙,田七(川七),2,0.347
威靈仙,白陶土,2,0.347
威靈仙,羧甲基纖維素-1380,2,0.347
威靈仙,羧甲基纖維素-2200,2,0.347
山梔子,麝香酮,2,0.347
山梨醇,川七,2,0.347
山梨醇,木鼈子,2,0.347
山梨醇,杏仁,2,0.347
山梨醇,柳枝,2,0.347
山梨醇,玄參,2,0.347
山梨醇,當歸,2,0.347
山梨醇,白芷,2,0.347
山梨醇,草烏,2,0.347
山梨醇,蓖麻子,2,0.347
山梨醇,豬牙皂角,2,0.347
川七,檸檬酸,2,0.347
川七,白陶土,2,0.347
川七,羧甲基纖維素-1380,2,0.347
川七,羧甲基纖維素-2200,2,0.347
川七,黃臘,2,0.347
川椒,白殭蠶,2,0.347
川椒,鶴虱,2,0.347
川烏,桂枝,2,0.347
川烏,白殭蠶,2,0.347
川烏,花椒,2,0.347
川烏,黃丹,2,0.347
川芎,活性炭,2,0.347
川芎,炮附子,2,0.347
川芎,薄荷,2,0.347
川芎,豬牙皂,2,0.347
木瓜,當歸,2,0.347
木瓜,白芷,2,0.347
木瓜,肉桂,2,0.347
木瓜,赤芍,2,0.347
木虌子,柳枝,2,0.347
木虌子,槐枝,2,0.347
木虌子,烏藥,2,0.347
木虌子,獨活,2,0.347
木虌子,玄參,2,0.347
木虌子,甘草,2,0.347
木虌子,白及,2,0.347
木虌子,羌活,2,0.347
木虌子,肉桂,2,0.347
木虌子,苦參,2,0.347
木虌子,草烏,2,0.347
木虌子,赤芍,2,0.347
木香,炮附子,2,0.347
木香,白芷,2,0.347
木鼈子,桂枝,2,0.347
木鼈子,檸檬酸,2,0.347
木鼈子,田七(川七),2,0.347
木鼈子,白陶土,2,0.347
木鼈子,羧甲基纖維素-1380,2,0.347
木鼈子,羧甲基纖維素-2200,2,0.347
木鼈子,花椒,2,0.347
木鼈子,豬牙皂,2,0.347
杏仁,檸檬酸,2,0.347
杏仁,白陶土,2,0.347
杏仁,藥用炭,2,0.347
柳枝,檸檬酸,2,0.347
柳枝,田七(川七),2,0.347
柳枝,白陶土,2,0.347
柳枝,羧甲基纖維素-1380,2,0.347
柳枝,羧甲基纖維素-2200,2,0.347
柳枝,豬牙皂,2,0.347
桂枝,沒藥,2,0.347
桂枝,當歸,2,0.347
桂枝,白及,2,0.347
桂枝,白芷,2,0.347
桂枝,白蘞,2,0.347
桂枝,草烏,2,0.347
桂枝,赤芍,2,0.347
梅片,獨活,2,0.347
梅片,生地黃,2,0.347
梅片,白及,2,0.347
梅片,白蘞,2,0.347
梅片,肉桂,2,0.347
梅片,苦參,2,0.347
梅片,薄荷,2,0.347
槐枝,薄荷,2,0.347
槐枝,豬牙皂,2,0.347
檸檬酸,玄參,2,0.347
檸檬酸,當歸,2,0.347
檸檬酸,白芷,2,0.347
檸檬酸,草烏,2,0.347
檸檬酸,蓖麻子,2,0.347
檸檬酸,豬牙皂角,2,0.347
沒藥,炮附子,2,0.347
沒藥,田七(川七),2,0.347
沒藥,白殭蠶,2,0.347
沒藥,白膠香(明者),2,0.347
沒藥,白蘝,2,0.347
沒藥,藥用炭,2,0.347
沒藥,豬牙皂角(去皮弦),2,0.347
沒藥,黃丹,2,0.347
活性炭,玄參,2,0.347
活性炭,生地黃,2,0.347
活性炭,血餘,2,0.347
活性炭,阿魏,2,0.347
海螵蛸,豬牙皂,2,0.347
炮附子,瓜兒血竭,2,0.347
炮附子,當歸,2,0.347
炮附子,石斛,2,0.347
炮附子,石菖蒲,2,0.347
炮附子,秦艽,2,0.347
炮附子,紅花,2,0.347
炮附子,肉桂,2,0.347
炮附子,自然銅,2,0.347
炮附子,蒼朮,2,0.347
炮附子,蛇床子,2,0.347
炮附子,赤芍,2,0.347
炮附子,骨碎補,2,0.347
炮附子,鹿茸,2,0.347
烏藥,黃丹,2,0.347
牛膝,瓜兒血竭,2,0.347
牡丹皮,鶴虱,2,0.347
獨活,防風,2,0.347
獨活,黃丹,2,0.347
玄參,白膠香(明者),2,0.347
玄參,白陶土,2,0.347
玄參,藥用炭,2,0.347
玄參,豬牙皂角(去皮弦),2,0.347
甘草,白殭蠶,2,0.347
甘草,花椒,2,0.347
甘草,薑黃,2,0.347
甘草,陳皮,2,0.347
甘草,鶴虱,2,0.347
甘草,黃丹,2,0.347
生南星,花椒,2,0.347
生川烏,生草烏,2,0.347
生川烏,白芷,2,0.347
生川烏,肉桂,2,0.347
生梔子,麝香酮,2,0.347
生草烏,白芷,2,0.347
生草烏,肉桂,2,0.347
田七(川七),蓖麻子,2,0.347
當歸,白陶土,2,0.347
當歸,花椒,2,0.347
當歸,蓮鬚葉蔥,2,0.347
當歸,藥用炭,2,0.347
當歸,連鬚葉葱,2,0.347
當歸尾,白膠香(明者),2,0.347
當歸尾,豬牙皂,2,0.347
當歸尾,豬牙皂角(去皮弦),2,0.347
白千層油,辣椒油,2,0.347
白及,白蘝,2,0.347
白及,豬牙皂,2,0.347
白殭蠶,秦艽,2,0.347
白殭蠶,紅花,2,0.347
白殭蠶,草烏,2,0.347
白殭蠶,荊芥,2,0.347
白殭蠶,蛇床子,2,0.347
白殭蠶,赤芍,2,0.347
白殭蠶,連翹,2,0.347
白殭蠶,金銀花,2,0.347
白殭蠶,骨碎補,2,0.347
白殭蠶,黃柏,2,0.347
白殭蠶,黃芩,2,0.347
白腊,辣椒,2,0.347
白膠香,藥用炭,2,0.347
白膠香,豬牙皂,2,0.347
白膠香,鼈甲,2,0.347
白膠香(明者),白芷,2,0.347
白膠香(明者),豬牙皂角(去皮弦),2,0.347
白芷,白陶土,2,0.347
白芷,花椒,2,0.347
白芷,薑黃,2,0.347
白芷,藥用炭,2,0.347
白芷,豬牙皂角(去皮弦),2,0.347
白芷,附子,2,0.347
白蘞,豬牙皂,2,0.347
白陶土,草烏,2,0.347
白陶土,蓖麻子,2,0.347
白陶土,豬牙皂角,2,0.347
皂莢,鱉甲,2,0.347
秦艽,花椒,2,0.347
紅花,花椒,2,0.347
細辛,花椒,2,0.347
羌活,花椒,2,0.347
羌活,黃丹,2,0.347
羧甲基纖維素-1380,蓖麻子,2,0.347
羧甲基纖維素-2200,蓖麻子,2,0.347
肉桂,荊芥,2,0.347
艾草,鶴虱,2,0.347
花椒,草烏,2,0.347
花椒,荊芥,2,0.347
花椒,蒼朮,2,0.347
花椒,蛇床子,2,0.347
花椒,赤芍,2,0.347
花椒,連翹,2,0.347
花椒,金銀花,2,0.347
花椒,防風,2,0.347
花椒,骨碎補,2,0.347
花椒,黃柏,2,0.347
花椒,黃芩,2,0.347
苦參,豬牙皂,2,0.347
苦參,鶴虱,2,0.347
蒼朮,薑黃,2,0.347
蒼朮,陳皮,2,0.347
薄荷,辣椒,2,0.347
薑黃,陳皮,2,0.347
藥用炭,豬牙皂角,2,0.347
藥用炭,連鬚葉蔥,2,0.347
蜂臘,辣椒,2,0.347
豬牙皂,黃柏,2,0.347
豬牙皂,黃芩,2,0.347
豬牙皂,黃連,2,0.347
豬牙皂,鼈甲,2,0.347
豬牙皂,龍骨,2,0.347
赤芍,鶴虱,2,0.347
赤芍,黃丹,2,0.347
金不換,鶴虱,2,0.347
鐵線透骨草,鶴虱,2,0.347
防風,附子,2,0.347
防風,鶴虱,2,0.347
