license,cluster_id,cluster_product_count,traditional_materials,core_traditional_materials,common_added_traditional_materials,rare_or_unique_traditional_materials
衛署成製字第008450號,EFP-004,79,乳香|杏仁|沒藥|玄參|當歸尾|白膠香|白芷|草烏|豬牙皂角|連鬚葉葱,乳香|杏仁|沒藥|玄參|白芷|草烏|豬牙皂角,當歸|當歸尾|白膠香|連鬚葉蔥,一條根(大葉千斤拔)|梅片(冰片)|歸尾|葱(帶鬚)|蓮鬚葉葱|蔓性千斤拔(一條根)|蔥(帶鬚)|薄荷葉|藥用炭|辣椒提取物
衛署成製字第009782號,EFP-004,79,乳香|杏仁|沒藥|玄參|當歸尾|白膠香|白芷|草烏|豬牙皂角|連鬚葉蔥,乳香|杏仁|沒藥|玄參|白芷|草烏|豬牙皂角,當歸|當歸尾|白膠香|連鬚葉蔥,一條根(大葉千斤拔)|梅片(冰片)|歸尾|葱(帶鬚)|蓮鬚葉葱|蔓性千斤拔(一條根)|蔥(帶鬚)|薄荷葉|藥用炭|辣椒提取物
衛署成製字第012554號,EFP-001,102,乳香|威靈仙|川七|木鼈子|柳枝|沒藥|蓖麻子,乳香|威靈仙|木鼈子|沒藥|蓖麻子,,田七(川七)
衛署成製字第013746號,EFP-013,2,乳香|威靈仙|山梨醇|川七|木鼈子|柳枝|檸檬酸|沒藥|白陶土|羧甲基纖維素-1380|羧甲基纖維素-2200|蓖麻子,乳香|威靈仙|山梨醇|川七|木鼈子|柳枝|檸檬酸|沒藥|白陶土|羧甲基纖維素-1380|羧甲基纖維素-2200|蓖麻子,,
衛署成製字第014425號,EFP-008,25,乳香|沒藥,乳香|沒藥,,
衛署成製字第014555號,EFP-002,96,乳香|大黃|木鼈子|柳枝|沒藥|獨活|玄參|生地黃|當歸|白芷|肉桂|血餘|赤芍|阿魏,乳香|大黃|木鼈子|沒藥|玄參|生地黃|當歸|白芷|肉桂|血餘|赤芍|阿魏,川烏|柳枝|槐枝|獨活|草烏|辣椒,木瓜|木龞子
衛署成製字第014802號,EFP-004,79,乳香|杏仁|沒藥|玄參|當歸|白芷|草烏|豬牙皂角|連鬚葉蔥,乳香|杏仁|沒藥|玄參|白芷|草烏|豬牙皂角,當歸|當歸尾|白膠香|連鬚葉蔥,一條根(大葉千斤拔)|梅片(冰片)|歸尾|葱(帶鬚)|蓮鬚葉葱|蔓性千斤拔(一條根)|蔥(帶鬚)|薄荷葉|藥用炭|辣椒提取物
衛署成製字第014816號,EFP-007,31,乳香|厚朴|川芎|木鼈子|柳枝|槐枝|沒藥|海螵蛸|當歸|白及|白膠香|白芷|白蘞|皂角|苦參|草烏|鱉甲|黃柏|黃芩|黃連|龍骨,乳香|厚朴|川芎|木鼈子|柳枝|槐枝|沒藥|當歸|白及|白芷|白蘞|苦參|草烏|黃柏|黃芩|黃連|龍骨,海螵蛸|烏賊魚骨|皂角|豬牙皂角|鱉甲|鼈甲,白蘝|香白芷
衛署成製字第015763號,EFP-035,1,辣椒,辣椒,,
衛署成製字第015919號,EFP-005,40,乳香|五加皮|半夏|川牛膝|川芎|木香|沒藥|當歸|石菖蒲|秦艽|紅花|肉桂|萆薢|蒼朮|蛇床子|赤芍|骨碎補,五加皮|半夏|川牛膝|川芎|木香|沒藥|當歸|石斛|石菖蒲|秦艽|紅花|肉桂|自然銅|萆薢|蒼朮|蛇床子|赤芍|附子|骨碎補|鹿茸,乳香|瓜兒血竭|血竭|透骨草,川附子|炮附子|萆解
衛署成製字第015920號,EFP-004,79,乳香|杏仁|沒藥|玄參|當歸尾|白膠香|白芷|草烏|蓮鬚葉蔥|豬牙皂角,乳香|杏仁|沒藥|玄參|白芷|草烏|豬牙皂角,當歸|當歸尾|白膠香|連鬚葉蔥,一條根(大葉千斤拔)|梅片(冰片)|歸尾|葱(帶鬚)|蓮鬚葉葱|蔓性千斤拔(一條根)|蔥(帶鬚)|薄荷葉|藥用炭|辣椒提取物
衛部成製字第016475號,EFP-003,93,大黃|川烏|木鼈子|烏藥|獨活|玄參|甘草|生地黃|當歸|白及|白芷|白蘞|羌活|肉桂|苦參|草烏|薄荷|赤芍,大黃|川烏|木鼈子|烏藥|獨活|玄參|甘草|生地黃|當歸|白及|白芷|白蘞|羌活|肉桂|苦參|草烏|赤芍,柳枝,土木鱉|土鼈子|地黃|桂枝|白笈
衛部成製字第016639號,EFP-001,102,乳香|威靈仙|木鼈子|沒藥|蓖麻子,乳香|威靈仙|木鼈子|沒藥|蓖麻子,,田七(川七)
衛署成製字第005693號,EFP-001,102,乳香|威靈仙|木鼈子|沒藥|蓖麻子|薄荷,乳香|威靈仙|木鼈子|沒藥|蓖麻子,,田七(川七)
衛署成製字第006248號,EFP-004,79,乳香|杏仁|沒藥|玄參|當歸尾|白膠香|白芷|草烏|薄荷|豬牙皂角|連鬚葉蔥,乳香|杏仁|沒藥|玄參|白芷|草烏|豬牙皂角,當歸|當歸尾|白膠香|連鬚葉蔥,一條根(大葉千斤拔)|梅片(冰片)|歸尾|葱(帶鬚)|蓮鬚葉葱|蔓性千斤拔(一條根)|蔥(帶鬚)|薄荷葉|藥用炭|辣椒提取物
衛署成製字第006395號,EFP-003,93,丁香|三七|大黃|川烏|木鼈子|柳枝|烏藥|獨活|玄參|甘草|生地黃|當歸|白及|白芷|白蘞|羌活|肉桂|苦參|草烏|赤芍,大黃|川烏|木鼈子|烏藥|獨活|玄參|甘草|生地黃|當歸|白及|白芷|白蘞|羌活|肉桂|苦參|草烏|赤芍,柳枝,土木鱉|土鼈子|地黃|桂枝|白笈
衛署成製字第007348號,EFP-008,25,乳香|沒藥,乳香|沒藥,,
衛署成製字第010791號,EFP-003,93,乳香|大黃|川烏|木鼈子|柳枝|槐枝|沒藥|烏藥|獨活|玄參|甘草|生地黃|當歸|白芷|白蘞|羌活|肉桂|草烏|赤芍,大黃|川烏|木鼈子|烏藥|獨活|玄參|甘草|生地黃|當歸|白及|白芷|白蘞|羌活|肉桂|苦參|草烏|赤芍,柳枝,土木鱉|土鼈子|地黃|桂枝|白笈
衛署成製字第011853號,EFP-005,40,乳香|五加皮|半夏|川牛膝|川芎|木香|沒藥|瓜兒血竭|當歸|石斛|石菖蒲|秦艽|紅花|肉桂|自然銅|萆薢|蒼朮|蛇床子|赤芍|附子|骨碎補|鹿茸,五加皮|半夏|川牛膝|川芎|木香|沒藥|當歸|石斛|石菖蒲|秦艽|紅花|肉桂|自然銅|萆薢|蒼朮|蛇床子|赤芍|附子|骨碎補|鹿茸,乳香|瓜兒血竭|血竭|透骨草,川附子|炮附子|萆解
衛署成製字第011907號,EFP-002,96,乳香|大黃|木鼈子|柳枝|沒藥|獨活|玄參|生地黃|當歸|白芷|肉桂|血餘|赤芍|阿魏,乳香|大黃|木鼈子|沒藥|玄參|生地黃|當歸|白芷|肉桂|血餘|赤芍|阿魏,川烏|柳枝|槐枝|獨活|草烏|辣椒,木瓜|木龞子
衛署成製字第012455號,EFP-002,96,乳香|大黃|柳枝|沒藥|獨活|玄參|生地黃|當歸|白芷|肉桂|血餘|赤芍|阿魏,乳香|大黃|木鼈子|沒藥|玄參|生地黃|當歸|白芷|肉桂|血餘|赤芍|阿魏,川烏|柳枝|槐枝|獨活|草烏|辣椒,木瓜|木龞子
衛署成製字第012568號,EFP-001,102,乳香|威靈仙|木鼈子|沒藥,乳香|威靈仙|木鼈子|沒藥|蓖麻子,,田七(川七)
衛署成製字第013169號,EFP-005,40,乳香|五加皮|半夏|川牛膝|川芎|木香|沒藥|瓜兒血竭|當歸|石斛|石菖蒲|秦艽|紅花|肉桂|自然銅|萆薢|蒼朮|蛇床子|赤芍|附子|骨碎補|鹿茸,五加皮|半夏|川牛膝|川芎|木香|沒藥|當歸|石斛|石菖蒲|秦艽|紅花|肉桂|自然銅|萆薢|蒼朮|蛇床子|赤芍|附子|骨碎補|鹿茸,乳香|瓜兒血竭|血竭|透骨草,川附子|炮附子|萆解
衛署成製字第013188號,EFP-002,96,乳香|大黃|木鼈子|柳枝|沒藥|獨活|玄參|生地黃|當歸|白芷|肉桂|血餘|赤芍|阿魏,乳香|大黃|木鼈子|沒藥|玄參|生地黃|當歸|白芷|肉桂|血餘|赤芍|阿魏,川烏|柳枝|槐枝|獨活|草烏|辣椒,木瓜|木龞子
衛署成製字第013372號,EFP-004,79,乳香|杏仁|沒藥|玄參|當歸|白芷|草烏|豬牙皂角|連鬚葉蔥,乳香|杏仁|沒藥|玄參|白芷|草烏|豬牙皂角,當歸|當歸尾|白膠香|連鬚葉蔥,一條根(大葉千斤拔)|梅片(冰片)|歸尾|葱(帶鬚)|蓮鬚葉葱|蔓性千斤拔(一條根)|蔥(帶鬚)|薄荷葉|藥用炭|辣椒提取物
衛署成製字第014299號,EFP-009,9,乳香|川椒|沒藥|牙皂|陳皮,乳香|川椒|沒藥|牙皂|陳皮,,
衛署成製字第014429號,EFP-005,40,五加皮|半夏|川牛膝|川芎|川附子|木香|沒藥|當歸|石斛|石菖蒲|秦艽|紅花|肉桂|自然銅|萆薢|蒼朮|蛇床子|血竭|赤芍|透骨草|骨碎補|鹿茸,五加皮|半夏|川牛膝|川芎|木香|沒藥|當歸|石斛|石菖蒲|秦艽|紅花|肉桂|自然銅|萆薢|蒼朮|蛇床子|赤芍|附子|骨碎補|鹿茸,乳香|瓜兒血竭|血竭|透骨草,川附子|炮附子|萆解
衛署成製字第014846號,EFP-001,102,乳香|威靈仙|木鼈子|沒藥|蓖麻子,乳香|威靈仙|木鼈子|沒藥|蓖麻子,,田七(川七)
衛署成製字第014858號,EFP-005,40,乳香|五加皮|半夏|川芎|木香|沒藥|牛膝|當歸|石斛|石菖蒲|秦艽|紅花|肉桂|自然銅|萆薢|蒼朮|蛇床子|血竭|赤芍|附子|骨碎補|鹿茸,五加皮|半夏|川牛膝|川芎|木香|沒藥|當歸|石斛|石菖蒲|秦艽|紅花|肉桂|自然銅|萆薢|蒼朮|蛇床子|赤芍|附子|骨碎補|鹿茸,乳香|瓜兒血竭|血竭|透骨草,川附子|炮附子|萆解
衛署成製字第014916號,EFP-005,40,五加皮|半夏|川牛膝|川芎|川附子|木香|沒藥|當歸|石斛|石菖蒲|秦艽|紅花|肉桂|自然銅|萆薢|蒼朮|蛇床子|血竭|赤芍|透骨草|骨碎補|鹿茸,五加皮|半夏|川牛膝|川芎|木香|沒藥|當歸|石斛|石菖蒲|秦艽|紅花|肉桂|自然銅|萆薢|蒼朮|蛇床子|赤芍|附子|骨碎補|鹿茸,乳香|瓜兒血竭|血竭|透骨草,川附子|炮附子|萆解
衛署成製字第015022號,EFP-002,96,乳香|大黃|木鼈子|沒藥|活性炭|玄參|生地黃|白芷|肉桂|血餘|赤芍|阿魏,乳香|大黃|木鼈子|沒藥|玄參|生地黃|當歸|白芷|肉桂|血餘|赤芍|阿魏,川烏|柳枝|槐枝|獨活|草烏|辣椒,木瓜|木龞子
衛署成製字第015219號,EFP-003,93,大黃|川烏|木鼈子|烏藥|獨活|玄參|甘草|生地黃|當歸|白及|白芷|白蘞|羌活|肉桂|苦參|草烏|赤芍,大黃|川烏|木鼈子|烏藥|獨活|玄參|甘草|生地黃|當歸|白及|白芷|白蘞|羌活|肉桂|苦參|草烏|赤芍,柳枝,土木鱉|土鼈子|地黃|桂枝|白笈
衛署成製字第015558號,EFP-004,79,乳香|杏仁|沒藥|玄參|當歸|白芷|草烏|豬牙皂角|連鬚葉蔥,乳香|杏仁|沒藥|玄參|白芷|草烏|豬牙皂角,當歸|當歸尾|白膠香|連鬚葉蔥,一條根(大葉千斤拔)|梅片(冰片)|歸尾|葱(帶鬚)|蓮鬚葉葱|蔓性千斤拔(一條根)|蔥(帶鬚)|薄荷葉|藥用炭|辣椒提取物
衛部成製字第016576號,EFP-005,40,乳香|五加皮|半夏|川牛膝|川芎|木香|沒藥|瓜兒血竭|當歸|石斛|石菖蒲|秦艽|紅花|肉桂|自然銅|萆薢|蒼朮|蛇床子|赤芍|附子|骨碎補|鹿茸,五加皮|半夏|川牛膝|川芎|木香|沒藥|當歸|石斛|石菖蒲|秦艽|紅花|肉桂|自然銅|萆薢|蒼朮|蛇床子|赤芍|附子|骨碎補|鹿茸,乳香|瓜兒血竭|血竭|透骨草,川附子|炮附子|萆解
衛署成製字第008916號,EFP-008,25,乳香|沒藥,乳香|沒藥,,
衛署成製字第010295號,EFP-001,102,乳香|威靈仙|木鼈子|沒藥|蓖麻子,乳香|威靈仙|木鼈子|沒藥|蓖麻子,,田七(川七)
衛署成製字第011245號,EFP-003,93,丁香|三七|大黃|川烏|木鼈子|柳枝|烏藥|獨活|玄參|甘草|生地黃|當歸|白及|白芷|白蘞|羌活|肉桂|苦參|草烏|赤芍,大黃|川烏|木鼈子|烏藥|獨活|玄參|甘草|生地黃|當歸|白及|白芷|白蘞|羌活|肉桂|苦參|草烏|赤芍,柳枝,土木鱉|土鼈子|地黃|桂枝|白笈
衛署成製字第012090號,EFP-003,93,大黃|川烏|木鼈子|烏藥|獨活|玄參|甘草|生地黃|當歸|白及|白芷|白蘞|羌活|肉桂|苦參|草烏|赤芍,大黃|川烏|木鼈子|烏藥|獨活|玄參|甘草|生地黃|當歸|白及|白芷|白蘞|羌活|肉桂|苦參|草烏|赤芍,柳枝,土木鱉|土鼈子|地黃|桂枝|白笈
衛署成製字第012137號,EFP-003,93,大黃|川烏|木鼈子|澤蘭|烏藥|獨活|玄參|甘草|生地黃|當歸|白及|白芷|白蘞|羌活|肉桂|苦參|草烏|赤芍,大黃|川烏|木鼈子|烏藥|獨活|玄參|甘草|生地黃|當歸|白及|白芷|白蘞|羌活|肉桂|苦參|草烏|赤芍,柳枝,土木鱉|土鼈子|地黃|桂枝|白笈
衛署成製字第012715號,EFP-009,9,乳香|川椒|沒藥|牙皂|陳皮,乳香|川椒|沒藥|牙皂|陳皮,,
衛署成製字第013894號,EFP-001,102,乳香|木鼈子|沒藥|蓖麻子,乳香|威靈仙|木鼈子|沒藥|蓖麻子,,田七(川七)
衛署成製字第013964號,EFP-002,96,乳香|土木鼈|大黃|沒藥|玄參|生地黃|當歸|白芷|肉桂|血餘|赤芍|阿魏,乳香|大黃|木鼈子|沒藥|玄參|生地黃|當歸|白芷|肉桂|血餘|赤芍|阿魏,川烏|柳枝|槐枝|獨活|草烏|辣椒,木瓜|木龞子
衛署成製字第014340號,EFP-004,79,乳香|杏仁|沒藥|玄參|當歸尾|白膠香|白芷|草烏|豬牙皂角|連鬚葉蔥,乳香|杏仁|沒藥|玄參|白芷|草烏|豬牙皂角,當歸|當歸尾|白膠香|連鬚葉蔥,一條根(大葉千斤拔)|梅片(冰片)|歸尾|葱(帶鬚)|蓮鬚葉葱|蔓性千斤拔(一條根)|蔥(帶鬚)|薄荷葉|藥用炭|辣椒提取物
衛署成製字第015477號,EFP-004,79,乳香|杏仁|沒藥|玄參|當歸尾|白膠香|白芷|草烏|薄荷|豬牙皂角|連鬚葉蔥,乳香|杏仁|沒藥|玄參|白芷|草烏|豬牙皂角,當歸|當歸尾|白膠香|連鬚葉蔥,一條根(大葉千斤拔)|梅片(冰片)|歸尾|葱(帶鬚)|蓮鬚葉葱|蔓性千斤拔(一條根)|蔥(帶鬚)|薄荷葉|藥用炭|辣椒提取物
衛署成製字第015712號,EFP-002,96,乳香|大黃|木鼈子|柳枝|沒藥|獨活|玄參|生地黃|當歸|白芷|肉桂|赤芍|阿魏,乳香|大黃|木鼈子|沒藥|玄參|生地黃|當歸|白芷|肉桂|血餘|赤芍|阿魏,川烏|柳枝|槐枝|獨活|草烏|辣椒,木瓜|木龞子
衛署成製字第016043號,EFP-004,79,乳香|杏仁|沒藥|玄參|當歸|白芷|草烏|豬牙皂角|連鬚葉蔥,乳香|杏仁|沒藥|玄參|白芷|草烏|豬牙皂角,當歸|當歸尾|白膠香|連鬚葉蔥,一條根(大葉千斤拔)|梅片(冰片)|歸尾|葱(帶鬚)|蓮鬚葉葱|蔓性千斤拔(一條根)|蔥(帶鬚)|薄荷葉|藥用炭|辣椒提取物
衛部成製字第016704號,EFP-004,79,乳香|杏仁|沒藥|玄參|當歸|白膠香|白芷|草烏|藥用炭|豬牙皂角|連鬚葉蔥,乳香|杏仁|沒藥|玄參|白芷|草烏|豬牙皂角,當歸|當歸尾|白膠香|連鬚葉蔥,一條根(大葉千斤拔)|梅片(冰片)|歸尾|葱(帶鬚)|蓮鬚葉葱|蔓性千斤拔(一條根)|蔥(帶鬚)|薄荷葉|藥用炭|辣椒提取物
衛署成製字第005907號,EFP-003,93,大黃|川烏|木鼈子|烏藥|獨活|玄參|甘草|生地黃|當歸|白及|白芷|白蘞|羌活|肉桂|苦參|草烏|赤芍|黃丹,大黃|川烏|木鼈子|烏藥|獨活|玄參|甘草|生地黃|當歸|白及|白芷|白蘞|羌活|肉桂|苦參|草烏|赤芍,柳枝,土木鱉|土鼈子|地黃|桂枝|白笈
衛署成製字第005945號,EFP-002,96,乳香|大黃|木鼈子|柳枝|沒藥|獨活|玄參|生地黃|當歸|白芷|肉桂|血餘|赤芍|阿魏,乳香|大黃|木鼈子|沒藥|玄參|生地黃|當歸|白芷|肉桂|血餘|赤芍|阿魏,川烏|柳枝|槐枝|獨活|草烏|辣椒,木瓜|木龞子
衛署成製字第007065號,EFP-006,36,升麻|大黃|梔子|沒藥|漏盧|甘草|白及|白蘞|紅花|蘆薈|青黛,升麻|大黃|沒藥|漏蘆|甘草|白及|白蘞|紅花|蘆薈|青黛,山梔子|生梔子,白蘝|膠|麝香銅
衛署成製字第007369號,EFP-004,79,乳香|杏仁|沒藥|玄參|當歸尾|白膠香|白芷|草烏|蓮鬚葉蔥|薄荷|豬牙皂角,乳香|杏仁|沒藥|玄參|白芷|草烏|豬牙皂角,當歸|當歸尾|白膠香|連鬚葉蔥,一條根(大葉千斤拔)|梅片(冰片)|歸尾|葱(帶鬚)|蓮鬚葉葱|蔓性千斤拔(一條根)|蔥(帶鬚)|薄荷葉|藥用炭|辣椒提取物
衛署成製字第012175號,EFP-005,40,乳香|五加皮|半夏|川芎|木香|沒藥|牛膝|當歸|石斛|石菖蒲|秦艽|紅花|肉桂|自然銅|萆薢|蒼朮|蛇床子|血竭|赤芍|附子|骨碎補|鹿茸,五加皮|半夏|川牛膝|川芎|木香|沒藥|當歸|石斛|石菖蒲|秦艽|紅花|肉桂|自然銅|萆薢|蒼朮|蛇床子|赤芍|附子|骨碎補|鹿茸,乳香|瓜兒血竭|血竭|透骨草,川附子|炮附子|萆解
衛署成製字第012243號,EFP-003,93,丁香|大黃|川七|川烏|木鼈子|柳枝|烏藥|獨活|玄參|甘草|生地|當歸|白及|白芷|白蘞|羌活|肉桂|苦參|草烏|赤芍,大黃|川烏|木鼈子|烏藥|獨活|玄參|甘草|生地黃|當歸|白及|白芷|白蘞|羌活|肉桂|苦參|草烏|赤芍,柳枝,土木鱉|土鼈子|地黃|桂枝|白笈
衛署成製字第013957號,EFP-002,96,乳香|大黃|木鼈子|柳枝|沒藥|獨活|玄參|生地黃|當歸|白芷|肉桂|血餘|赤芍|阿魏,乳香|大黃|木鼈子|沒藥|玄參|生地黃|當歸|白芷|肉桂|血餘|赤芍|阿魏,川烏|柳枝|槐枝|獨活|草烏|辣椒,木瓜|木龞子
衛署成製字第014242號,EFP-029,1,辣椒,辣椒,,
衛署成製字第014354號,EFP-003,93,大黃|川烏|木鼈子|澤蘭|烏藥|獨活|玄參|甘草|生地黃|當歸|白及|白芷|白蘞|羌活|肉桂|苦參|草烏|赤芍,大黃|川烏|木鼈子|烏藥|獨活|玄參|甘草|生地黃|當歸|白及|白芷|白蘞|羌活|肉桂|苦參|草烏|赤芍,柳枝,土木鱉|土鼈子|地黃|桂枝|白笈
衛署成製字第014454號,EFP-002,96,乳香|大黃|木鼈子|沒藥|玄參|生地黃|當歸|白芷|肉桂|薄荷|血餘|赤芍|阿魏,乳香|大黃|木鼈子|沒藥|玄參|生地黃|當歸|白芷|肉桂|血餘|赤芍|阿魏,川烏|柳枝|槐枝|獨活|草烏|辣椒,木瓜|木龞子
衛署成製字第014462號,EFP-008,25,乳香|沒藥,乳香|沒藥,,
衛部成製字第014885A   號,EFP-006,36,升麻|大黃|梔子|沒藥|漏蘆|甘草|白及|白蘞|紅花|蘆薈|青黛,升麻|大黃|沒藥|漏蘆|甘草|白及|白蘞|紅花|蘆薈|青黛,山梔子|生梔子,白蘝|膠|麝香銅
衛署成製字第015395號,EFP-009,9,乳香|川椒|沒藥|牙皂|陳皮,乳香|川椒|沒藥|牙皂|陳皮,,
衛署成製字第015890號,EFP-005,40,五加皮|半夏|川牛膝|川芎|木香|沒藥|當歸|石斛|石菖蒲|秦艽|紅花|肉桂|自然銅|萆薢|蒼朮|蛇床子|血竭|赤芍|透骨草|附子|骨碎補|鹿茸,五加皮|半夏|川牛膝|川芎|木香|沒藥|當歸|石斛|石菖蒲|秦艽|紅花|肉桂|自然銅|萆薢|蒼朮|蛇床子|赤芍|附子|骨碎補|鹿茸,乳香|瓜兒血竭|血竭|透骨草,川附子|炮附子|萆解
衛部成製字第016588號,EFP-001,102,乳香|威靈仙|木鼈子|柳枝|沒藥|田七(川七)|蓖麻子,乳香|威靈仙|木鼈子|沒藥|蓖麻子,,田七(川七)
衛部成製字第016711號,EFP-004,79,乳香|杏仁|梅片|沒藥|玄參|當歸尾|白膠香|白芷|草烏|豬牙皂角|連鬚葉蔥|黃臘,乳香|杏仁|沒藥|玄參|白芷|草烏|豬牙皂角,當歸|當歸尾|白膠香|連鬚葉蔥,一條根(大葉千斤拔)|梅片(冰片)|歸尾|葱(帶鬚)|蓮鬚葉葱|蔓性千斤拔(一條根)|蔥(帶鬚)|薄荷葉|藥用炭|辣椒提取物
衛部成製字第016921號,EFP-003,93,大黃|川烏|木鼈子|烏藥|獨活|玄參|甘草|生地黃|當歸|白及|白芷|白蘞|羌活|肉桂|苦參|草烏|赤芍,大黃|川烏|木鼈子|烏藥|獨活|玄參|甘草|生地黃|當歸|白及|白芷|白蘞|羌活|肉桂|苦參|草烏|赤芍,柳枝,土木鱉|土鼈子|地黃|桂枝|白笈
衛部成製字第017057號,EFP-001,102,乳香|威靈仙|木鼈子|沒藥|蓖麻子,乳香|威靈仙|木鼈子|沒藥|蓖麻子,,田七(川七)
衛署成製字第008650號,EFP-004,79,乳香|杏仁|沒藥|玄參|當歸尾|白膠香|白芷|草烏|豬牙皂角|連鬚葉蔥,乳香|杏仁|沒藥|玄參|白芷|草烏|豬牙皂角,當歸|當歸尾|白膠香|連鬚葉蔥,一條根(大葉千斤拔)|梅片(冰片)|歸尾|葱(帶鬚)|蓮鬚葉葱|蔓性千斤拔(一條根)|蔥(帶鬚)|薄荷葉|藥用炭|辣椒提取物
衛署成製字第010115號,EFP-002,96,乳香|大黃|木鼈子|沒藥|玄參|生地黃|當歸|白芷|肉桂|血餘|赤芍|阿魏,乳香|大黃|木鼈子|沒藥|玄參|生地黃|當歸|白芷|肉桂|血餘|赤芍|阿魏,川烏|柳枝|槐枝|獨活|草烏|辣椒,木瓜|木龞子
衛署成製字第011724號,EFP-003,93,大黃|川烏|木鼈子|柳枝|烏藥|獨活|玄參|甘草|生地黃|當歸|白及|白芷|白蘞|羌活|肉桂|苦參|草烏|赤芍,大黃|川烏|木鼈子|烏藥|獨活|玄參|甘草|生地黃|當歸|白及|白芷|白蘞|羌活|肉桂|苦參|草烏|赤芍,柳枝,土木鱉|土鼈子|地黃|桂枝|白笈
衛署成製字第011906號,EFP-003,93,大黃|川烏|木鼈子|烏藥|獨活|玄參|甘草|生地黃|當歸|白及|白芷|白蘞|羌活|肉桂|苦參|草烏|赤芍,大黃|川烏|木鼈子|烏藥|獨活|玄參|甘草|生地黃|當歸|白及|白芷|白蘞|羌活|肉桂|苦參|草烏|赤芍,柳枝,土木鱉|土鼈子|地黃|桂枝|白笈
衛署成製字第012120號,EFP-025,1,白腊|蜂臘|辣椒,白腊|蜂臘|辣椒,,
衛署成製字第013895號,EFP-001,102,乳香|威靈仙|川七|木鼈子|沒藥|蓖麻子,乳香|威靈仙|木鼈子|沒藥|蓖麻子,,田七(川七)
衛署成製字第014361號,EFP-006,36,升麻|大黃|沒藥|漏蘆|甘草|生梔子|白及|白蘞|紅花|蘆薈|青黛,升麻|大黃|沒藥|漏蘆|甘草|白及|白蘞|紅花|蘆薈|青黛,山梔子|生梔子,白蘝|膠|麝香銅
衛署成製字第014372號,EFP-003,93,丁香|大黃|川七|川烏|木鼈子|柳枝|烏藥|獨活|玄參|甘草|生地黃|當歸|白及|白芷|白蘞|羌活|肉桂|苦參|草烏|赤芍,大黃|川烏|木鼈子|烏藥|獨活|玄參|甘草|生地黃|當歸|白及|白芷|白蘞|羌活|肉桂|苦參|草烏|赤芍,柳枝,土木鱉|土鼈子|地黃|桂枝|白笈
衛署成製字第014483號,EFP-001,102,乳香|威靈仙|木鼈子|沒藥|蓖麻子,乳香|威靈仙|木鼈子|沒藥|蓖麻子,,田七(川七)
衛署成製字第014618號,EFP-002,96,乳香|大黃|川烏|木鼈子|柳枝|槐枝|沒藥|玄參|生地黃|當歸|白芷|肉桂|草烏|血餘|赤芍|辣椒|阿魏,乳香|大黃|木鼈子|沒藥|玄參|生地黃|當歸|白芷|肉桂|血餘|赤芍|阿魏,川烏|柳枝|槐枝|獨活|草烏|辣椒,木瓜|木龞子
衛署成製字第014622號,EFP-004,79,乳香|杏仁|沒藥|玄參|當歸尾|白膠香|白芷|草烏|豬牙皂角|連鬚葉蔥,乳香|杏仁|沒藥|玄參|白芷|草烏|豬牙皂角,當歸|當歸尾|白膠香|連鬚葉蔥,一條根(大葉千斤拔)|梅片(冰片)|歸尾|葱(帶鬚)|蓮鬚葉葱|蔓性千斤拔(一條根)|蔥(帶鬚)|薄荷葉|藥用炭|辣椒提取物
衛署成製字第014835號,EFP-005,40,乳香|五加皮|半夏|川牛膝|川芎|木香|沒藥|瓜兒血竭|當歸|石斛|石菖蒲|秦艽|紅花|肉桂|自然銅|萆薢|蒼朮|蛇床子|赤芍|附子|骨碎補|鹿茸,五加皮|半夏|川牛膝|川芎|木香|沒藥|當歸|石斛|石菖蒲|秦艽|紅花|肉桂|自然銅|萆薢|蒼朮|蛇床子|赤芍|附子|骨碎補|鹿茸,乳香|瓜兒血竭|血竭|透骨草,川附子|炮附子|萆解
衛署成製字第014939號,EFP-001,102,乳香|威靈仙|木鼈子|沒藥,乳香|威靈仙|木鼈子|沒藥|蓖麻子,,田七(川七)
衛署成製字第015421號,EFP-034,1,辣椒,辣椒,,
衛署成製字第015652號,EFP-002,96,乳香|大黃|木鼈子|柳枝|沒藥|獨活|玄參|生地黃|當歸|白芷|肉桂|血餘|赤芍|阿魏,乳香|大黃|木鼈子|沒藥|玄參|生地黃|當歸|白芷|肉桂|血餘|赤芍|阿魏,川烏|柳枝|槐枝|獨活|草烏|辣椒,木瓜|木龞子
衛署成製字第015796號,EFP-002,96,乳香|大黃|木鼈子|沒藥|玄參|生地黃|當歸|白芷|肉桂|薄荷|血餘|赤芍|阿魏,乳香|大黃|木鼈子|沒藥|玄參|生地黃|當歸|白芷|肉桂|血餘|赤芍|阿魏,川烏|柳枝|槐枝|獨活|草烏|辣椒,木瓜|木龞子
衛部成製字第016435號,EFP-006,36,一條根|升麻|大黃|沒藥|漏蘆|甘草|生梔子|白及|白蘞|紅花|蘆薈|青黛|麝香酮,升麻|大黃|沒藥|漏蘆|甘草|白及|白蘞|紅花|蘆薈|青黛,山梔子|生梔子,白蘝|膠|麝香銅
衛部成製字第016447號,EFP-003,93,大黃|川烏|木鼈子|烏藥|獨活|玄參|甘草|生地黃|當歸|白及|白芷|白蘞|羌活|肉桂|苦參|草烏|薄荷|赤芍,大黃|川烏|木鼈子|烏藥|獨活|玄參|甘草|生地黃|當歸|白及|白芷|白蘞|羌活|肉桂|苦參|草烏|赤芍,柳枝,土木鱉|土鼈子|地黃|桂枝|白笈
衛署成製字第004471號,EFP-004,79,乳香|杏仁|沒藥|玄參|當歸尾|白膠香|白芷|草烏|薄荷|豬牙皂角|連鬚葉蔥,乳香|杏仁|沒藥|玄參|白芷|草烏|豬牙皂角,當歸|當歸尾|白膠香|連鬚葉蔥,一條根(大葉千斤拔)|梅片(冰片)|歸尾|葱(帶鬚)|蓮鬚葉葱|蔓性千斤拔(一條根)|蔥(帶鬚)|薄荷葉|藥用炭|辣椒提取物
衛署成製字第005563號,EFP-007,31,乳香|厚朴|川芎|木鼈子|柳枝|槐枝|沒藥|海螵蛸|當歸|白及|白芷|白蘞|皂莢|苦參|草烏|黃丹|黃柏|黃芩|黃連|鼈甲|龍骨,乳香|厚朴|川芎|木鼈子|柳枝|槐枝|沒藥|當歸|白及|白芷|白蘞|苦參|草烏|黃柏|黃芩|黃連|龍骨,海螵蛸|烏賊魚骨|皂角|豬牙皂角|鱉甲|鼈甲,白蘝|香白芷
衛署成製字第005943號,EFP-007,31,乳香|冬青油|厚朴|川芎|木鼈子|柳枝|槐枝|沒藥|海螵蛸|當歸|白及|白芷|白蘝|皂角|苦參|草烏|黃柏|黃芩|黃連|鼈甲|龍骨,乳香|厚朴|川芎|木鼈子|柳枝|槐枝|沒藥|當歸|白及|白芷|白蘞|苦參|草烏|黃柏|黃芩|黃連|龍骨,海螵蛸|烏賊魚骨|皂角|豬牙皂角|鱉甲|鼈甲,白蘝|香白芷
衛署成製字第006988號,EFP-002,96,乳香|大黃|木鼈子|柳枝|梅片|沒藥|獨活|玄參|生地黃|當歸|白芷|肉桂|血餘|赤芍藥|阿魏,乳香|大黃|木鼈子|沒藥|玄參|生地黃|當歸|白芷|肉桂|血餘|赤芍|阿魏,川烏|柳枝|槐枝|獨活|草烏|辣椒,木瓜|木龞子
衛署成製字第007144號,EFP-011,3,乳香|沒藥|花椒|豬牙皂|陳皮,乳香|沒藥|花椒|豬牙皂|陳皮,麝香酮,
衛署成製字第009962號,EFP-021,1,辣椒,辣椒,,
衛署成製字第010973號,EFP-001,102,乳香|威靈仙|木鼈子|沒藥|蓖麻子,乳香|威靈仙|木鼈子|沒藥|蓖麻子,,田七(川七)
衛署成製字第011895號,EFP-003,93,大黃|川烏|木鼈子|柳枝|梅片|烏藥|獨活|玄參|甘草|生地黃|當歸|白及|白芷|白蘞|羌活|肉桂|苦參|草烏|赤芍,大黃|川烏|木鼈子|烏藥|獨活|玄參|甘草|生地黃|當歸|白及|白芷|白蘞|羌活|肉桂|苦參|草烏|赤芍,柳枝,土木鱉|土鼈子|地黃|桂枝|白笈
衛署成製字第011896號,EFP-002,96,乳香|大黃|木鼈子|沒藥|玄參|生地黃|當歸|白芷|肉桂|血餘|赤芍|阿魏,乳香|大黃|木鼈子|沒藥|玄參|生地黃|當歸|白芷|肉桂|血餘|赤芍|阿魏,川烏|柳枝|槐枝|獨活|草烏|辣椒,木瓜|木龞子
衛署成製字第011917號,EFP-001,102,乳香|威靈仙|木鼈子|沒藥|蓖麻子,乳香|威靈仙|木鼈子|沒藥|蓖麻子,,田七(川七)
衛署成製字第014602號,EFP-003,93,大黃|川烏|木鼈子|柳枝|烏藥|獨活|玄參|甘草|生地黃|當歸|白及|白芷|白蘞|羌活|肉桂|苦參|草烏|赤芍,大黃|川烏|木鼈子|烏藥|獨活|玄參|甘草|生地黃|當歸|白及|白芷|白蘞|羌活|肉桂|苦參|草烏|赤芍,柳枝,土木鱉|土鼈子|地黃|桂枝|白笈
衛署成製字第015630號,EFP-001,102,乳香|威靈仙|木鼈子|沒藥|蓖麻子,乳香|威靈仙|木鼈子|沒藥|蓖麻子,,田七(川七)
衛署成製字第015633號,EFP-003,93,大黃|川烏|木鼈子|澤蘭|烏藥|獨活|玄參|甘草|生地黃|當歸|白及|白芷|白蘞|羌活|肉桂|苦參|草烏|赤芍,大黃|川烏|木鼈子|烏藥|獨活|玄參|甘草|生地黃|當歸|白及|白芷|白蘞|羌活|肉桂|苦參|草烏|赤芍,柳枝,土木鱉|土鼈子|地黃|桂枝|白笈
衛部成製字第016467號,EFP-006,36,升麻|大黃|山梔子|沒藥|漏蘆|甘草|白及|白蘝|紅花|蘆薈|青黛,升麻|大黃|沒藥|漏蘆|甘草|白及|白蘞|紅花|蘆薈|青黛,山梔子|生梔子,白蘝|膠|麝香銅
衛部成製字第016906號,EFP-017,2,乳香|沒藥|生薑|薄荷,乳香|沒藥|薄荷,生薑,
衛署成製字第009861號,EFP-003,93,川烏|木鼈子|柳枝|烏藥|獨活|玄參|甘草|生地黃|當歸|白及|白芷|白蘞|羌活|肉桂|苦參|草烏|赤芍,大黃|川烏|木鼈子|烏藥|獨活|玄參|甘草|生地黃|當歸|白及|白芷|白蘞|羌活|肉桂|苦參|草烏|赤芍,柳枝,土木鱉|土鼈子|地黃|桂枝|白笈
衛署成製字第010256號,EFP-003,93,乳香|大黃|木鼈子|柳枝|槐枝|沒藥|烏藥|獨活|玄參|甘草|生地黃|當歸|白芷|白蘞|羌活|肉桂|赤芍,大黃|川烏|木鼈子|烏藥|獨活|玄參|甘草|生地黃|當歸|白及|白芷|白蘞|羌活|肉桂|苦參|草烏|赤芍,柳枝,土木鱉|土鼈子|地黃|桂枝|白笈
衛署成製字第011719號,EFP-006,36,升麻|大黃|梔子|沒藥|漏蘆|甘草|白及|白蘞|紅花|蘆薈|青黛,升麻|大黃|沒藥|漏蘆|甘草|白及|白蘞|紅花|蘆薈|青黛,山梔子|生梔子,白蘝|膠|麝香銅
衛署成製字第012214號,EFP-004,79,乳香|杏仁|沒藥|玄參|當歸|白芷|草烏|豬牙皂|連鬚葉蔥,乳香|杏仁|沒藥|玄參|白芷|草烏|豬牙皂角,當歸|當歸尾|白膠香|連鬚葉蔥,一條根(大葉千斤拔)|梅片(冰片)|歸尾|葱(帶鬚)|蓮鬚葉葱|蔓性千斤拔(一條根)|蔥(帶鬚)|薄荷葉|藥用炭|辣椒提取物
衛署成製字第013267號,EFP-007,31,乳香|厚朴|川芎|木鼈子|柳枝|槐枝|沒藥|海螵蛸|當歸|白及|白芷|白蘞|苦參|豬牙皂|黃柏|黃芩|黃連|鼈甲|龍骨,乳香|厚朴|川芎|木鼈子|柳枝|槐枝|沒藥|當歸|白及|白芷|白蘞|苦參|草烏|黃柏|黃芩|黃連|龍骨,海螵蛸|烏賊魚骨|皂角|豬牙皂角|鱉甲|鼈甲,白蘝|香白芷
衛署成製字第014475號,EFP-002,96,乳香|大黃|木鼈子|沒藥|玄參|生地黃|當歸|白芷|肉桂|血餘|赤芍|阿魏,乳香|大黃|木鼈子|沒藥|玄參|生地黃|當歸|白芷|肉桂|血餘|赤芍|阿魏,川烏|柳枝|槐枝|獨活|草烏|辣椒,木瓜|木龞子
衛署成製字第015027號,EFP-003,93,川烏|木鼈子|柳枝|烏藥|獨活|玄參|甘草|生地黃|當歸|白及|白芷|白蘞|紅花|羌活|肉桂|苦參|草烏|赤芍|骨碎補,大黃|川烏|木鼈子|烏藥|獨活|玄參|甘草|生地黃|當歸|白及|白芷|白蘞|羌活|肉桂|苦參|草烏|赤芍,柳枝,土木鱉|土鼈子|地黃|桂枝|白笈
衛署成製字第015122號,EFP-002,96,乳香|大黃|川烏|木鼈子|柳枝|槐枝|沒藥|玄參|生地黃|當歸|白芷|肉桂|草烏|血餘|赤芍|辣椒|阿魏,乳香|大黃|木鼈子|沒藥|玄參|生地黃|當歸|白芷|肉桂|血餘|赤芍|阿魏,川烏|柳枝|槐枝|獨活|草烏|辣椒,木瓜|木龞子
衛署成製字第015240號,EFP-001,102,乳香|威靈仙|木鼈子|沒藥|蓖麻子,乳香|威靈仙|木鼈子|沒藥|蓖麻子,,田七(川七)
衛署成製字第015463號,EFP-001,102,乳香|威靈仙|川七|木鼈子|沒藥|蓖麻子|黃臘,乳香|威靈仙|木鼈子|沒藥|蓖麻子,,田七(川七)
衛署成製字第015609號,EFP-001,102,三七|乳香|威靈仙|木鼈子|沒藥|蓖麻子,乳香|威靈仙|木鼈子|沒藥|蓖麻子,,田七(川七)
衛署成製字第015829號,EFP-001,102,三七|乳香|威靈仙|木鼈子|沒藥|蓖麻子,乳香|威靈仙|木鼈子|沒藥|蓖麻子,,田七(川七)
衛部成製字第016749號,EFP-048,1,乳香|威靈仙|木鼈子|栝樓根|桂枝|沒藥|色膏,乳香|威靈仙|木鼈子|栝樓根|桂枝|沒藥|色膏,,
衛部成製字第016755號,EFP-004,79,乳香|杏仁|沒藥|玄參|當歸|白膠香|白芷|藥用炭|豬牙皂角|連鬚葉蔥,乳香|杏仁|沒藥|玄參|白芷|草烏|豬牙皂角,當歸|當歸尾|白膠香|連鬚葉蔥,一條根(大葉千斤拔)|梅片(冰片)|歸尾|葱(帶鬚)|蓮鬚葉葱|蔓性千斤拔(一條根)|蔥(帶鬚)|薄荷葉|藥用炭|辣椒提取物
衛部成製字第016872號,EFP-049,1,丁香|乳香|乾薑|人工麝香|冬青油|山奈|沒藥|生川烏|生草烏|生馬錢子|白芷|積雪草|老鸛草|肉桂|芸香|荊芥|防風|顛茄|香加皮|骨碎補,丁香|乳香|乾薑|人工麝香|冬青油|山奈|沒藥|生川烏|生草烏|生馬錢子|白芷|積雪草|老鸛草|肉桂|芸香|荊芥|防風|顛茄|香加皮|骨碎補,,
衛部成製字第017036號,EFP-051,1,三七|乳香|人工麝香|吳茱萸|沒藥|當歸,三七|乳香|人工麝香|吳茱萸|沒藥|當歸,,
衛署成製字第005396號,EFP-002,96,乳香|大黃|木鼈子|沒藥|玄參|生地黃|當歸|白芷|肉桂|血餘|赤芍|阿魏,乳香|大黃|木鼈子|沒藥|玄參|生地黃|當歸|白芷|肉桂|血餘|赤芍|阿魏,川烏|柳枝|槐枝|獨活|草烏|辣椒,木瓜|木龞子
衛署成製字第007062號,EFP-011,3,乳香|沒藥|花椒|豬牙皂|陳皮|麝香酮,乳香|沒藥|花椒|豬牙皂|陳皮,麝香酮,
衛署成製字第009189號,EFP-002,96,乳香|大黃|木鼈子|沒藥|玄參|生地黃|當歸|白芷|肉桂|血餘|赤芍藥|阿魏,乳香|大黃|木鼈子|沒藥|玄參|生地黃|當歸|白芷|肉桂|血餘|赤芍|阿魏,川烏|柳枝|槐枝|獨活|草烏|辣椒,木瓜|木龞子
衛署成製字第010660號,EFP-003,93,大黃|川烏|木鼈子|澤蘭|烏藥|獨活|玄參|甘草|生地黃|當歸|白及|白芷|白蘞|羌活|肉桂|苦參|草烏|赤芍,大黃|川烏|木鼈子|烏藥|獨活|玄參|甘草|生地黃|當歸|白及|白芷|白蘞|羌活|肉桂|苦參|草烏|赤芍,柳枝,土木鱉|土鼈子|地黃|桂枝|白笈
衛署成製字第012021號,EFP-010,8,乳香|何首烏|半夏|大風子|大黃|天南星|川椒|川烏|木鼈子|沒藥|甘草|當歸|白殭蠶|白芷|秦艽|紅花|細辛|羌活|草烏|荊芥|蒼朮|蛇床子|蟬退|赤芍|連翹|金銀花|防風|骨碎補|黃柏|黃芩,乳香|何首烏|半夏|大黃|川烏|木鼈子|沒藥|甘草|生南星|當歸|白芷|秦艽|紅花|細辛|羌活|草烏|荊芥|蒼朮|蛇床子|赤芍|連翹|金銀花|防風|骨碎補|黃柏|黃芩,大楓子|大風子|川椒|殭蠶|白殭蠶|花椒|蟬蛻|蟬退,銀花
衛署成製字第012124號,EFP-002,96,乳香|大黃|木鼈子|柳枝|沒藥|獨活|玄參|生地黃|當歸|白芷|肉桂|血餘|赤芍|阿魏,乳香|大黃|木鼈子|沒藥|玄參|生地黃|當歸|白芷|肉桂|血餘|赤芍|阿魏,川烏|柳枝|槐枝|獨活|草烏|辣椒,木瓜|木龞子
衛署成製字第012351號,EFP-026,1,白腊|辣椒,白腊|辣椒,,
衛署成製字第013472號,EFP-002,96,乳香|大黃|木鼈子|柳枝|沒藥|獨活|玄參|生地黃|當歸|白芷|肉桂|血餘|赤芍|阿魏,乳香|大黃|木鼈子|沒藥|玄參|生地黃|當歸|白芷|肉桂|血餘|赤芍|阿魏,川烏|柳枝|槐枝|獨活|草烏|辣椒,木瓜|木龞子
衛署成製字第013840號,EFP-001,102,乳香|威靈仙|木鼈子|沒藥|蓖麻子,乳香|威靈仙|木鼈子|沒藥|蓖麻子,,田七(川七)
衛署成製字第014495號,EFP-002,96,乳香|大黃|木鼈子|沒藥|活性炭|玄參|生地黃|當歸|白芷|肉桂|血餘|赤芍|阿魏,乳香|大黃|木鼈子|沒藥|玄參|生地黃|當歸|白芷|肉桂|血餘|赤芍|阿魏,川烏|柳枝|槐枝|獨活|草烏|辣椒,木瓜|木龞子
衛署成製字第014730號,EFP-003,93,乳香|大黃|木虌子|柳枝|槐枝|沒藥|烏藥|獨活|玄參|甘草|生地黃|當歸|白芷|白蘞|羌活|肉桂|赤芍,大黃|川烏|木鼈子|烏藥|獨活|玄參|甘草|生地黃|當歸|白及|白芷|白蘞|羌活|肉桂|苦參|草烏|赤芍,柳枝,土木鱉|土鼈子|地黃|桂枝|白笈
衛署成製字第015220號,EFP-002,96,乳香|大黃|木鼈子|柳枝|沒藥|獨活|玄參|生地黃|當歸|白芷|肉桂|血餘|赤芍|阿魏,乳香|大黃|木鼈子|沒藥|玄參|生地黃|當歸|白芷|肉桂|血餘|赤芍|阿魏,川烏|柳枝|槐枝|獨活|草烏|辣椒,木瓜|木龞子
衛署成製字第015610號,EFP-004,79,乳香|杏仁|沒藥|玄參|當歸|白芷|草烏|蓮鬚葉蔥|豬牙皂角,乳香|杏仁|沒藥|玄參|白芷|草烏|豬牙皂角,當歸|當歸尾|白膠香|連鬚葉蔥,一條根(大葉千斤拔)|梅片(冰片)|歸尾|葱(帶鬚)|蓮鬚葉葱|蔓性千斤拔(一條根)|蔥(帶鬚)|薄荷葉|藥用炭|辣椒提取物
衛署成製字第016099號,EFP-003,93,大黃|川烏|木鼈子|烏藥|獨活|玄參|甘草|生地黃|當歸|白及|白芷|白蘞|羌活|苦參|草烏|赤芍,大黃|川烏|木鼈子|烏藥|獨活|玄參|甘草|生地黃|當歸|白及|白芷|白蘞|羌活|肉桂|苦參|草烏|赤芍,柳枝,土木鱉|土鼈子|地黃|桂枝|白笈
衛部成製字第016540號,EFP-006,36,一條根|升麻|大黃|山梔子|沒藥|漏蘆|甘草|白及|白蘞|紅花|蘆薈|青黛|麝香酮,升麻|大黃|沒藥|漏蘆|甘草|白及|白蘞|紅花|蘆薈|青黛,山梔子|生梔子,白蘝|膠|麝香銅
衛部成製字第016695號,EFP-001,102,乳香|威靈仙|木鼈子|沒藥|蓖麻子|黃臘,乳香|威靈仙|木鼈子|沒藥|蓖麻子,,田七(川七)
衛部成製字第016900號,EFP-001,102,乳香|威靈仙|木鼈子|沒藥|蓖麻子|薄荷,乳香|威靈仙|木鼈子|沒藥|蓖麻子,,田七(川七)
衛署成製字第004807號,EFP-004,79,乳香|杏仁|歸尾|沒藥|玄參|白膠香|白芷|草烏|豬牙皂角|連鬚葉蔥,乳香|杏仁|沒藥|玄參|白芷|草烏|豬牙皂角,當歸|當歸尾|白膠香|連鬚葉蔥,一條根(大葉千斤拔)|梅片(冰片)|歸尾|葱(帶鬚)|蓮鬚葉葱|蔓性千斤拔(一條根)|蔥(帶鬚)|薄荷葉|藥用炭|辣椒提取物
衛署成製字第009180號,EFP-008,25,乳香|沒藥,乳香|沒藥,,
衛署成製字第011270號,EFP-003,93,川烏|木鼈子|柳枝|烏藥|獨活|玄參|甘草|生地黃|當歸|白及|白芷|白蘞|羌活|肉桂|苦參|草烏|赤芍,大黃|川烏|木鼈子|烏藥|獨活|玄參|甘草|生地黃|當歸|白及|白芷|白蘞|羌活|肉桂|苦參|草烏|赤芍,柳枝,土木鱉|土鼈子|地黃|桂枝|白笈
衛署成製字第012613號,EFP-005,40,乳香|五加皮|半夏|川牛膝|川芎|木香|沒藥|瓜兒血竭|當歸|石斛|石菖蒲|秦艽|紅花|肉桂|自然銅|萆薢|蒼朮|蛇床子|赤芍|附子|骨碎補|鹿茸,五加皮|半夏|川牛膝|川芎|木香|沒藥|當歸|石斛|石菖蒲|秦艽|紅花|肉桂|自然銅|萆薢|蒼朮|蛇床子|赤芍|附子|骨碎補|鹿茸,乳香|瓜兒血竭|血竭|透骨草,川附子|炮附子|萆解
衛署成製字第012663號,EFP-009,9,乳香|川椒|沒藥|牙皂|陳皮,乳香|川椒|沒藥|牙皂|陳皮,,
衛署成製字第012907號,EFP-005,40,乳香|五加皮|半夏|川牛膝|川芎|木香|沒藥|瓜兒血竭|當歸|石斛|石菖蒲|秦艽|紅花|肉桂|自然銅|萆薢|蒼朮|蛇床子|赤芍|附子|骨碎補|鹿茸,五加皮|半夏|川牛膝|川芎|木香|沒藥|當歸|石斛|石菖蒲|秦艽|紅花|肉桂|自然銅|萆薢|蒼朮|蛇床子|赤芍|附子|骨碎補|鹿茸,乳香|瓜兒血竭|血竭|透骨草,川附子|炮附子|萆解
衛署成製字第013442號,EFP-028,1,乳香|山梨醇|杏仁|檸檬酸|沒藥|玄參|當歸|白芷|白陶土|羧甲基纖維素1380|羧甲基纖維素2200|草烏|豬牙皂角|連鬚葉葱,乳香|山梨醇|杏仁|檸檬酸|沒藥|玄參|當歸|白芷|白陶土|羧甲基纖維素1380|羧甲基纖維素2200|草烏|豬牙皂角|連鬚葉葱,,
衛署成製字第014470號,EFP-001,102,乳香|威靈仙|木虌子|沒藥|蓖麻子,乳香|威靈仙|木鼈子|沒藥|蓖麻子,,田七(川七)
衛署成製字第014661號,EFP-009,9,乳香|川椒|沒藥|牙皂|陳皮,乳香|川椒|沒藥|牙皂|陳皮,,
衛署成製字第014701號,EFP-006,36,升麻|大黃|沒藥|漏蘆|甘草|生梔子|白及|白蘞|紅花|蘆薈|青黛,升麻|大黃|沒藥|漏蘆|甘草|白及|白蘞|紅花|蘆薈|青黛,山梔子|生梔子,白蘝|膠|麝香銅
衛署成製字第014953號,EFP-003,93,乳香|大黃|木鼈子|柳枝|槐枝|沒藥|烏藥|獨活|玄參|甘草|生地黃|當歸|白芷|白蘞|羌活|肉桂|赤芍,大黃|川烏|木鼈子|烏藥|獨活|玄參|甘草|生地黃|當歸|白及|白芷|白蘞|羌活|肉桂|苦參|草烏|赤芍,柳枝,土木鱉|土鼈子|地黃|桂枝|白笈
衛署成製字第015025號,EFP-001,102,三七|乳香|威靈仙|木鼈子|沒藥|蓖麻子,乳香|威靈仙|木鼈子|沒藥|蓖麻子,,田七(川七)
衛署成製字第015379號,EFP-004,79,乳香|杏仁|沒藥|玄參|當歸|白芷|草烏|豬牙皂角|連鬚葉蔥,乳香|杏仁|沒藥|玄參|白芷|草烏|豬牙皂角,當歸|當歸尾|白膠香|連鬚葉蔥,一條根(大葉千斤拔)|梅片(冰片)|歸尾|葱(帶鬚)|蓮鬚葉葱|蔓性千斤拔(一條根)|蔥(帶鬚)|薄荷葉|藥用炭|辣椒提取物
衛署成製字第015519號,EFP-002,96,乳香|大黃|川烏|木鼈子|柳枝|槐枝|沒藥|玄參|生地黃|當歸|白芷|肉桂|草烏|血餘|赤芍|辣椒|阿魏,乳香|大黃|木鼈子|沒藥|玄參|生地黃|當歸|白芷|肉桂|血餘|赤芍|阿魏,川烏|柳枝|槐枝|獨活|草烏|辣椒,木瓜|木龞子
衛署成製字第015689號,EFP-004,79,乳香|杏仁|沒藥|玄參|當歸尾|白膠香|白芷|草烏|蓮鬚葉蔥|豬牙皂角,乳香|杏仁|沒藥|玄參|白芷|草烏|豬牙皂角,當歸|當歸尾|白膠香|連鬚葉蔥,一條根(大葉千斤拔)|梅片(冰片)|歸尾|葱(帶鬚)|蓮鬚葉葱|蔓性千斤拔(一條根)|蔥(帶鬚)|薄荷葉|藥用炭|辣椒提取物
衛署成製字第016207號,EFP-003,93,大黃|川烏|木鼈子|烏藥|獨活|玄參|甘草|生地黃|當歸|白及|白芷|白蘞|羌活|肉桂|苦參|草烏|赤芍,大黃|川烏|木鼈子|烏藥|獨活|玄參|甘草|生地黃|當歸|白及|白芷|白蘞|羌活|肉桂|苦參|草烏|赤芍,柳枝,土木鱉|土鼈子|地黃|桂枝|白笈
衛部成製字第016612號,EFP-001,102,乳香|威靈仙|木鼈子|沒藥|蓖麻子,乳香|威靈仙|木鼈子|沒藥|蓖麻子,,田七(川七)
衛部成製字第016767號,EFP-002,96,乳香|大黃|木鼈子|沒藥|玄參|生地黃|當歸|白芷|肉桂|血餘|赤芍|阿魏,乳香|大黃|木鼈子|沒藥|玄參|生地黃|當歸|白芷|肉桂|血餘|赤芍|阿魏,川烏|柳枝|槐枝|獨活|草烏|辣椒,木瓜|木龞子
衛署成製字第007671號,EFP-007,31,乳香|厚朴|川芎|木鼈子仁|柳枝|槐枝|沒藥|烏賊魚骨|當歸|白及|白蘞|苦參|草烏|豬牙皂角|香白芷|黃柏|黃芩|黃連|鼈甲|龍骨,乳香|厚朴|川芎|木鼈子|柳枝|槐枝|沒藥|當歸|白及|白芷|白蘞|苦參|草烏|黃柏|黃芩|黃連|龍骨,海螵蛸|烏賊魚骨|皂角|豬牙皂角|鱉甲|鼈甲,白蘝|香白芷
衛署成製字第008800號,EFP-001,102,三七|乳香|威靈仙|木鼈子|沒藥|蓖麻子,乳香|威靈仙|木鼈子|沒藥|蓖麻子,,田七(川七)
衛署成製字第010079號,EFP-003,93,大黃|川烏|木鼈子|烏藥|獨活|玄參|甘草|生地黃|當歸|白及|白芷|白蘞|羌活|肉桂|苦參|草烏|赤芍,大黃|川烏|木鼈子|烏藥|獨活|玄參|甘草|生地黃|當歸|白及|白芷|白蘞|羌活|肉桂|苦參|草烏|赤芍,柳枝,土木鱉|土鼈子|地黃|桂枝|白笈
衛署成製字第010165號,EFP-003,93,川烏|木鼈子|柳枝|烏藥|獨活|玄參|甘草|生地黃|當歸|白及|白芷|白蘞|羌活|肉桂|苦參子|草烏|赤芍,大黃|川烏|木鼈子|烏藥|獨活|玄參|甘草|生地黃|當歸|白及|白芷|白蘞|羌活|肉桂|苦參|草烏|赤芍,柳枝,土木鱉|土鼈子|地黃|桂枝|白笈
衛署成製字第011899號,EFP-004,79,乳香|杏仁|沒藥|玄參|當歸尾|白膠香|白芷|皂角|草烏|連鬚葉蔥,乳香|杏仁|沒藥|玄參|白芷|草烏|豬牙皂角,當歸|當歸尾|白膠香|連鬚葉蔥,一條根(大葉千斤拔)|梅片(冰片)|歸尾|葱(帶鬚)|蓮鬚葉葱|蔓性千斤拔(一條根)|蔥(帶鬚)|薄荷葉|藥用炭|辣椒提取物
衛署成製字第011947號,EFP-003,93,川烏|木鼈子|柳枝|烏藥|獨活|玄參|甘草|生地黃|當歸|白及|白芷|白蘞|紅花|羌活|肉桂|苦參|草烏|赤芍|骨碎補,大黃|川烏|木鼈子|烏藥|獨活|玄參|甘草|生地黃|當歸|白及|白芷|白蘞|羌活|肉桂|苦參|草烏|赤芍,柳枝,土木鱉|土鼈子|地黃|桂枝|白笈
衛署成製字第012070號,EFP-005,40,乳香|半夏|川牛膝|川芎|木香|沒藥|當歸|石斛|石菖蒲|秦艽|紅花|肉桂|自然銅|萆薢|蒼朮|蛇床子|血竭|赤芍|附子|骨碎補|鹿茸,五加皮|半夏|川牛膝|川芎|木香|沒藥|當歸|石斛|石菖蒲|秦艽|紅花|肉桂|自然銅|萆薢|蒼朮|蛇床子|赤芍|附子|骨碎補|鹿茸,乳香|瓜兒血竭|血竭|透骨草,川附子|炮附子|萆解
衛署成製字第012074號,EFP-003,93,大黃|川烏|木鼈子|烏藥|獨活|玄參|甘草|生地黃|當歸|白及|白芷|白蘞|羌活|肉桂|苦參|草烏|赤芍,大黃|川烏|木鼈子|烏藥|獨活|玄參|甘草|生地黃|當歸|白及|白芷|白蘞|羌活|肉桂|苦參|草烏|赤芍,柳枝,土木鱉|土鼈子|地黃|桂枝|白笈
衛署成製字第012119號,EFP-004,79,乳香|杏仁|沒藥|玄參|當歸尾|白膠香|白芷|皂角|草烏|連鬚葉葱,乳香|杏仁|沒藥|玄參|白芷|草烏|豬牙皂角,當歸|當歸尾|白膠香|連鬚葉蔥,一條根(大葉千斤拔)|梅片(冰片)|歸尾|葱(帶鬚)|蓮鬚葉葱|蔓性千斤拔(一條根)|蔥(帶鬚)|薄荷葉|藥用炭|辣椒提取物
衛署成製字第012300號,EFP-005,40,五加皮|半夏|川牛膝|川芎|木香|沒藥|瓜兒血竭|當歸|石斛|石菖蒲|秦艽|紅花|肉桂|自然銅|萆薢|蒼朮|蛇床子|赤芍|鐵線透骨草|附子|骨碎補|鹿茸,五加皮|半夏|川牛膝|川芎|木香|沒藥|當歸|石斛|石菖蒲|秦艽|紅花|肉桂|自然銅|萆薢|蒼朮|蛇床子|赤芍|附子|骨碎補|鹿茸,乳香|瓜兒血竭|血竭|透骨草,川附子|炮附子|萆解
衛署成製字第012936號,EFP-001,102,乳香|威靈仙|木鼈子|沒藥,乳香|威靈仙|木鼈子|沒藥|蓖麻子,,田七(川七)
衛署成製字第013473號,EFP-001,102,乳香|威靈仙|川七|木鼈子|柳枝|沒藥|蓖麻子,乳香|威靈仙|木鼈子|沒藥|蓖麻子,,田七(川七)
衛署成製字第013555號,EFP-003,93,乳香|土木鼈|大黃|川烏|柳枝|槐枝|烏藥|獨活|玄參|甘草|生地黃|當歸|白及|白芷|白蘞|羌活|肉桂|苦參|草烏|赤芍,大黃|川烏|木鼈子|烏藥|獨活|玄參|甘草|生地黃|當歸|白及|白芷|白蘞|羌活|肉桂|苦參|草烏|赤芍,柳枝,土木鱉|土鼈子|地黃|桂枝|白笈
衛署成製字第013701號,EFP-012,3,升麻|川七|川椒|牡丹皮|甘草|艾草|苦參|赤芍|金不換|鐵線透骨草|防風|鶴虱,升麻|川椒|牡丹皮|甘草|艾草|苦參|赤芍|金不換|鐵線透骨草|防風,三七|南鶴虱|川七|鶴虱,
衛署成製字第014545號,EFP-005,40,五加皮|半夏|川牛膝|川芎|木香|沒藥|當歸|石斛|石菖蒲|秦艽|紅花|肉桂|自然銅|萆薢|蒼朮|蛇床子|血竭|赤芍|透骨草|附子|骨碎補|鹿茸,五加皮|半夏|川牛膝|川芎|木香|沒藥|當歸|石斛|石菖蒲|秦艽|紅花|肉桂|自然銅|萆薢|蒼朮|蛇床子|赤芍|附子|骨碎補|鹿茸,乳香|瓜兒血竭|血竭|透骨草,川附子|炮附子|萆解
衛署成製字第015080號,EFP-006,36,升麻|大黃|沒藥|漏蘆|甘草|生梔子|白及|白蘞|紅花|蘆薈|青黛,升麻|大黃|沒藥|漏蘆|甘草|白及|白蘞|紅花|蘆薈|青黛,山梔子|生梔子,白蘝|膠|麝香銅
衛署成製字第015386號,EFP-003,93,大黃|木鼈子|烏藥|獨活|玄參|甘草|生地黃|當歸|白及|白芷|白蘞|羌活|苦參|赤芍,大黃|川烏|木鼈子|烏藥|獨活|玄參|甘草|生地黃|當歸|白及|白芷|白蘞|羌活|肉桂|苦參|草烏|赤芍,柳枝,土木鱉|土鼈子|地黃|桂枝|白笈
衛署成製字第015706號,EFP-002,96,乳香|大黃|木鼈子|柳枝|沒藥|獨活|玄參|生地黃|當歸|白芷|肉桂|血餘|赤芍|阿魏,乳香|大黃|木鼈子|沒藥|玄參|生地黃|當歸|白芷|肉桂|血餘|赤芍|阿魏,川烏|柳枝|槐枝|獨活|草烏|辣椒,木瓜|木龞子
衛部成製字第016344號,EFP-005,40,乳香|五加皮|半夏|川牛膝|川芎|木香|沒藥|瓜兒血竭|當歸|石斛|石菖蒲|秦艽|紅花|肉桂|自然銅|萆薢|蒼朮|蛇床子|赤芍|附子|骨碎補|鹿茸,五加皮|半夏|川牛膝|川芎|木香|沒藥|當歸|石斛|石菖蒲|秦艽|紅花|肉桂|自然銅|萆薢|蒼朮|蛇床子|赤芍|附子|骨碎補|鹿茸,乳香|瓜兒血竭|血竭|透骨草,川附子|炮附子|萆解
衛部成製字第016476號,EFP-002,96,乳香|大黃|木鼈子|沒藥|玄參|生地黃|當歸|白芷|肉桂|血餘|赤芍|阿魏,乳香|大黃|木鼈子|沒藥|玄參|生地黃|當歸|白芷|肉桂|血餘|赤芍|阿魏,川烏|柳枝|槐枝|獨活|草烏|辣椒,木瓜|木龞子
衛部成製字第016580號,EFP-002,96,乳香|大黃|沒藥|獨活|玄參|生地黃|當歸|白芷|肉桂|薄荷|赤芍,乳香|大黃|木鼈子|沒藥|玄參|生地黃|當歸|白芷|肉桂|血餘|赤芍|阿魏,川烏|柳枝|槐枝|獨活|草烏|辣椒,木瓜|木龞子
衛部成製字第017034號,EFP-018,2,三七|乳香|人工麝香|兒茶|土鱉蟲|沒藥|當歸,三七|乳香|人工麝香|兒茶|土鱉蟲|沒藥|當歸,,
衛署成製字第007683號,EFP-001,102,乳香|威靈仙|木鼈子|沒藥|蓖麻子,乳香|威靈仙|木鼈子|沒藥|蓖麻子,,田七(川七)
衛署成製字第011536號,EFP-005,40,乳香|五加皮|半夏|川牛膝|川芎|木香|沒藥|瓜兒血竭|當歸|石斛|石菖蒲|秦艽|紅花|肉桂|自然銅|萆薢|蒼朮|蛇床子|赤芍|附子|骨碎補|鹿茸,五加皮|半夏|川牛膝|川芎|木香|沒藥|當歸|石斛|石菖蒲|秦艽|紅花|肉桂|自然銅|萆薢|蒼朮|蛇床子|赤芍|附子|骨碎補|鹿茸,乳香|瓜兒血竭|血竭|透骨草,川附子|炮附子|萆解
衛署成製字第013606號,EFP-006,36,升麻|大黃|沒藥|漏蘆|甘草|生梔子|白及|白蘞|紅花|蘆薈|青黛,升麻|大黃|沒藥|漏蘆|甘草|白及|白蘞|紅花|蘆薈|青黛,山梔子|生梔子,白蘝|膠|麝香銅
衛署成製字第013720號,EFP-004,79,乳香|杏仁|沒藥|玄參|當歸尾|白膠香|白芷|皂角|草烏|連鬚葉葱,乳香|杏仁|沒藥|玄參|白芷|草烏|豬牙皂角,當歸|當歸尾|白膠香|連鬚葉蔥,一條根(大葉千斤拔)|梅片(冰片)|歸尾|葱(帶鬚)|蓮鬚葉葱|蔓性千斤拔(一條根)|蔥(帶鬚)|薄荷葉|藥用炭|辣椒提取物
衛署成製字第014037號,EFP-003,93,乳香|大黃|川烏|木鼈子|沒藥|烏藥|獨活|玄參|甘草|生地黃|當歸|白芷|白蘞|羌活|肉桂|草烏|赤芍,大黃|川烏|木鼈子|烏藥|獨活|玄參|甘草|生地黃|當歸|白及|白芷|白蘞|羌活|肉桂|苦參|草烏|赤芍,柳枝,土木鱉|土鼈子|地黃|桂枝|白笈
衛署成製字第014264號,EFP-003,93,大黃|川烏|木鼈子|澤蘭|烏藥|獨活|玄參|甘草|生地黃|當歸|白及|白芷|白蘞|羌活|肉桂|苦參|草烏|赤芍,大黃|川烏|木鼈子|烏藥|獨活|玄參|甘草|生地黃|當歸|白及|白芷|白蘞|羌活|肉桂|苦參|草烏|赤芍,柳枝,土木鱉|土鼈子|地黃|桂枝|白笈
衛署成製字第014487號,EFP-002,96,乳香|大黃|木鼈子|沒藥|玄參|生地黃|當歸|白芷|肉桂|血餘|赤芍|阿魏,乳香|大黃|木鼈子|沒藥|玄參|生地黃|當歸|白芷|肉桂|血餘|赤芍|阿魏,川烏|柳枝|槐枝|獨活|草烏|辣椒,木瓜|木龞子
衛署成製字第014818號,EFP-031,1,乳香|杏仁(去尖皮)|沒藥|玄參|當歸尾|白膠香(明者)|白芷|草屋(生剉)|蓮鬚葉蔥|豬牙皂角(去皮弦),乳香|杏仁(去尖皮)|沒藥|玄參|當歸尾|白膠香(明者)|白芷|草屋(生剉)|蓮鬚葉蔥|豬牙皂角(去皮弦),,
衛署成製字第015473號,EFP-002,96,乳香|大黃|川烏|木鼈子|柳枝|槐枝|沒藥|玄參|生地黃|當歸|白芷|肉桂|草烏|血餘|赤芍|辣椒|阿魏,乳香|大黃|木鼈子|沒藥|玄參|生地黃|當歸|白芷|肉桂|血餘|赤芍|阿魏,川烏|柳枝|槐枝|獨活|草烏|辣椒,木瓜|木龞子
衛署成製字第015736號,EFP-003,93,大黃|川烏|木鼈子|烏藥|獨活|玄參|甘草|生地黃|當歸|白及|白芷|白蘞|羌活|苦參|草烏|赤芍,大黃|川烏|木鼈子|烏藥|獨活|玄參|甘草|生地黃|當歸|白及|白芷|白蘞|羌活|肉桂|苦參|草烏|赤芍,柳枝,土木鱉|土鼈子|地黃|桂枝|白笈
衛部成製字第016541號,EFP-045,1,薄荷|辣椒,薄荷|辣椒,,
衛署成製字第004639號,EFP-002,96,乳香|大黃|川烏|木鼈子|柳枝|槐枝|沒藥|玄參|生地黃|當歸|白芷|肉桂|草烏|血餘|赤芍|辣椒|阿魏,乳香|大黃|木鼈子|沒藥|玄參|生地黃|當歸|白芷|肉桂|血餘|赤芍|阿魏,川烏|柳枝|槐枝|獨活|草烏|辣椒,木瓜|木龞子
衛署成製字第006275號,EFP-001,102,乳香|威靈仙|木鼈子|沒藥|蓖麻子|薄荷,乳香|威靈仙|木鼈子|沒藥|蓖麻子,,田七(川七)
衛署成製字第010213號,EFP-023,1,乳香|木鼈子|獨活|當歸|白芷|羌活|肉桂|苦參|薄荷|製川烏|赤芍|防風,乳香|木鼈子|獨活|當歸|白芷|羌活|肉桂|苦參|薄荷|製川烏|赤芍|防風,,
衛署成製字第011093號,EFP-010,8,乳香|何首烏|半夏|大楓子|大黃|川烏|木鼈子|沒藥|甘草|生南星|當歸|白殭蠶|白芷|秦艽|紅花|細辛|羌活|花椒|草烏|荊芥|蒼朮|蛇床子|蟬蛻|赤芍|連翹|金銀花|防風|骨碎補|黃柏|黃芩,乳香|何首烏|半夏|大黃|川烏|木鼈子|沒藥|甘草|生南星|當歸|白芷|秦艽|紅花|細辛|羌活|草烏|荊芥|蒼朮|蛇床子|赤芍|連翹|金銀花|防風|骨碎補|黃柏|黃芩,大楓子|大風子|川椒|殭蠶|白殭蠶|花椒|蟬蛻|蟬退,銀花
衛署成製字第011902號,EFP-001,102,乳香|威靈仙|木鼈子|沒藥|蓖麻子,乳香|威靈仙|木鼈子|沒藥|蓖麻子,,田七(川七)
衛署成製字第011973號,EFP-004,79,乳香|杏仁|沒藥|玄參|當歸|白芷|草烏|蔥(帶鬚)|豬牙皂,乳香|杏仁|沒藥|玄參|白芷|草烏|豬牙皂角,當歸|當歸尾|白膠香|連鬚葉蔥,一條根(大葉千斤拔)|梅片(冰片)|歸尾|葱(帶鬚)|蓮鬚葉葱|蔓性千斤拔(一條根)|蔥(帶鬚)|薄荷葉|藥用炭|辣椒提取物
衛署成製字第012022號,EFP-007,31,乳香|厚朴|川芎|木鼈子|柳枝|槐枝|沒藥|海螵蛸|當歸|白及|白芷|白蘞|皂角|苦參|草烏|黃柏|黃芩|黃連|鼈甲|龍骨,乳香|厚朴|川芎|木鼈子|柳枝|槐枝|沒藥|當歸|白及|白芷|白蘞|苦參|草烏|黃柏|黃芩|黃連|龍骨,海螵蛸|烏賊魚骨|皂角|豬牙皂角|鱉甲|鼈甲,白蘝|香白芷
衛署成製字第012138號,EFP-002,96,乳香|大黃|木鼈子|沒藥|玄參|生地黃|當歸|白芷|肉桂|血餘|赤芍|阿魏,乳香|大黃|木鼈子|沒藥|玄參|生地黃|當歸|白芷|肉桂|血餘|赤芍|阿魏,川烏|柳枝|槐枝|獨活|草烏|辣椒,木瓜|木龞子
衛部成製字第012522A   號,EFP-003,93,大黃|木鼈子|柳枝|烏藥|獨活|玄參|甘草|生地黃|當歸|白及|白芷|白蘞|羌活|肉桂|苦參|赤芍,大黃|川烏|木鼈子|烏藥|獨活|玄參|甘草|生地黃|當歸|白及|白芷|白蘞|羌活|肉桂|苦參|草烏|赤芍,柳枝,土木鱉|土鼈子|地黃|桂枝|白笈
衛署成製字第013546號,EFP-005,40,乳香|五加皮|半夏|川牛膝|川芎|木香|沒藥|瓜兒血竭|當歸|石斛|石菖蒲|秦艽|紅花|肉桂|自然銅|萆薢|蒼朮|蛇床子|赤芍|附子|骨碎補|鹿茸,五加皮|半夏|川牛膝|川芎|木香|沒藥|當歸|石斛|石菖蒲|秦艽|紅花|肉桂|自然銅|萆薢|蒼朮|蛇床子|赤芍|附子|骨碎補|鹿茸,乳香|瓜兒血竭|血竭|透骨草,川附子|炮附子|萆解
衛署成製字第014225號,EFP-001,102,乳香|威靈仙|木鼈子|沒藥|蓖麻子,乳香|威靈仙|木鼈子|沒藥|蓖麻子,,田七(川七)
衛署成製字第014663號,EFP-006,36,升麻|大黃|沒藥|漏蘆|甘草|生梔子|白及|白蘞|紅花|蘆薈|青黛,升麻|大黃|沒藥|漏蘆|甘草|白及|白蘞|紅花|蘆薈|青黛,山梔子|生梔子,白蘝|膠|麝香銅
衛署成製字第014710號,EFP-003,93,丁香|大黃|川七|川烏|木鼈子|柳枝|烏藥|獨活|玄參|甘草|生地黃|當歸|白及|白芷|白蘞|羌活|肉桂|苦參|草烏|赤芍,大黃|川烏|木鼈子|烏藥|獨活|玄參|甘草|生地黃|當歸|白及|白芷|白蘞|羌活|肉桂|苦參|草烏|赤芍,柳枝,土木鱉|土鼈子|地黃|桂枝|白笈
衛署成製字第014726號,EFP-002,96,乳香|大黃|川烏|木鼈子|柳枝|槐枝|沒藥|玄參|生地黃|當歸|白芷|肉桂|草烏|血餘|赤芍|辣椒|阿魏,乳香|大黃|木鼈子|沒藥|玄參|生地黃|當歸|白芷|肉桂|血餘|赤芍|阿魏,川烏|柳枝|槐枝|獨活|草烏|辣椒,木瓜|木龞子
衛署成製字第014809號,EFP-005,40,乳香|五加皮|半夏|川牛膝|川芎|木香|沒藥|瓜兒血竭|當歸|石斛|石菖蒲|秦艽|紅花|肉桂|自然銅|萆薢|蒼朮|蛇床子|赤芍|附子|骨碎補|鹿茸,五加皮|半夏|川牛膝|川芎|木香|沒藥|當歸|石斛|石菖蒲|秦艽|紅花|肉桂|自然銅|萆薢|蒼朮|蛇床子|赤芍|附子|骨碎補|鹿茸,乳香|瓜兒血竭|血竭|透骨草,川附子|炮附子|萆解
衛署成製字第015321號,EFP-006,36,升麻|大黃|山梔子|沒藥|漏蘆|甘草|白及|白蘞|紅花|蘆薈|青黛,升麻|大黃|沒藥|漏蘆|甘草|白及|白蘞|紅花|蘆薈|青黛,山梔子|生梔子,白蘝|膠|麝香銅
衛署成製字第015653號,EFP-002,96,乳香|大黃|木鼈子|沒藥|玄參|生地黃|當歸|白芷|肉桂|赤芍|阿魏,乳香|大黃|木鼈子|沒藥|玄參|生地黃|當歸|白芷|肉桂|血餘|赤芍|阿魏,川烏|柳枝|槐枝|獨活|草烏|辣椒,木瓜|木龞子
衛署成製字第015862號,EFP-003,93,大黃|川烏|木鼈子|柳枝|烏藥|獨活|玄參|甘草|生地黃|當歸|白及|白芷|白蘞|羌活|肉桂|苦參|草烏|赤芍,大黃|川烏|木鼈子|烏藥|獨活|玄參|甘草|生地黃|當歸|白及|白芷|白蘞|羌活|肉桂|苦參|草烏|赤芍,柳枝,土木鱉|土鼈子|地黃|桂枝|白笈
衛署成製字第015984號,EFP-002,96,乳香|大黃|川烏|木鼈子|柳枝|槐枝|沒藥|玄參|生地黃|當歸|白芷|肉桂|草烏|血餘|赤芍|辣椒|阿魏,乳香|大黃|木鼈子|沒藥|玄參|生地黃|當歸|白芷|肉桂|血餘|赤芍|阿魏,川烏|柳枝|槐枝|獨活|草烏|辣椒,木瓜|木龞子
衛部成製字第016443號,EFP-004,79,乳香|杏仁|梅片|沒藥|玄參|當歸尾|白膠香|白芷|草烏|蓮鬚葉蔥|薄荷|豬牙皂角,乳香|杏仁|沒藥|玄參|白芷|草烏|豬牙皂角,當歸|當歸尾|白膠香|連鬚葉蔥,一條根(大葉千斤拔)|梅片(冰片)|歸尾|葱(帶鬚)|蓮鬚葉葱|蔓性千斤拔(一條根)|蔥(帶鬚)|薄荷葉|藥用炭|辣椒提取物
衛部成製字第016581號,EFP-002,96,乳香|大黃|川烏|槐枝|沒藥|玄參|生地黃|當歸|白芷|肉桂|草烏|薄荷|赤芍|辣椒,乳香|大黃|木鼈子|沒藥|玄參|生地黃|當歸|白芷|肉桂|血餘|赤芍|阿魏,川烏|柳枝|槐枝|獨活|草烏|辣椒,木瓜|木龞子
衛部成製字第016655號,EFP-005,40,乳香|五加皮|半夏|川牛膝|川芎|木香|沒藥|炮附子|瓜兒血竭|當歸|石斛|石菖蒲|秦艽|紅花|肉桂|自然銅|萆解|蒼朮|蛇床子|赤芍|骨碎補|鹿茸,五加皮|半夏|川牛膝|川芎|木香|沒藥|當歸|石斛|石菖蒲|秦艽|紅花|肉桂|自然銅|萆薢|蒼朮|蛇床子|赤芍|附子|骨碎補|鹿茸,乳香|瓜兒血竭|血竭|透骨草,川附子|炮附子|萆解
衛部成製字第016931號,EFP-002,96,乳香|大黃|川烏|木鼈子|柳枝|槐枝|沒藥|玄參|生地黃|當歸|白芷|肉桂|草烏|血餘|赤芍|辣椒|阿魏,乳香|大黃|木鼈子|沒藥|玄參|生地黃|當歸|白芷|肉桂|血餘|赤芍|阿魏,川烏|柳枝|槐枝|獨活|草烏|辣椒,木瓜|木龞子
衛部成製字第017087號,EFP-004,79,乳香|杏仁|沒藥|玄參|當歸尾|白膠香|白芷|豬牙皂角|連鬚葉蔥,乳香|杏仁|沒藥|玄參|白芷|草烏|豬牙皂角,當歸|當歸尾|白膠香|連鬚葉蔥,一條根(大葉千斤拔)|梅片(冰片)|歸尾|葱(帶鬚)|蓮鬚葉葱|蔓性千斤拔(一條根)|蔥(帶鬚)|薄荷葉|藥用炭|辣椒提取物
衛署成製字第010028號,EFP-002,96,乳香|大黃|木鼈子|沒藥|玄參|生地黃|當歸|白芷|肉桂|血餘|赤芍|阿魏,乳香|大黃|木鼈子|沒藥|玄參|生地黃|當歸|白芷|肉桂|血餘|赤芍|阿魏,川烏|柳枝|槐枝|獨活|草烏|辣椒,木瓜|木龞子
衛署成製字第010148號,EFP-003,93,乳香|大黃|川烏|木鼈子|柳枝|槐枝|沒藥|烏藥|獨活|玄參|甘草|生地黃|當歸|白芷|白蘞|羌活|肉桂|草烏|赤芍,大黃|川烏|木鼈子|烏藥|獨活|玄參|甘草|生地黃|當歸|白及|白芷|白蘞|羌活|肉桂|苦參|草烏|赤芍,柳枝,土木鱉|土鼈子|地黃|桂枝|白笈
衛署成製字第010445號,EFP-001,102,乳香|威靈仙|木鼈子|沒藥|蓖麻子,乳香|威靈仙|木鼈子|沒藥|蓖麻子,,田七(川七)
衛署成製字第011921號,EFP-001,102,乳香|威靈仙|木鼈子|沒藥|蓖麻子,乳香|威靈仙|木鼈子|沒藥|蓖麻子,,田七(川七)
衛署成製字第012595號,EFP-005,40,乳香|五加皮|半夏|川芎|木香|沒藥|炮附子|牛膝|瓜兒血竭|當歸|石斛|石菖蒲|秦艽|紅花|肉桂|自然銅|萆薢|蒼朮|蛇床子|赤芍|骨碎補|鹿茸,五加皮|半夏|川牛膝|川芎|木香|沒藥|當歸|石斛|石菖蒲|秦艽|紅花|肉桂|自然銅|萆薢|蒼朮|蛇床子|赤芍|附子|骨碎補|鹿茸,乳香|瓜兒血竭|血竭|透骨草,川附子|炮附子|萆解
衛署成製字第014322號,EFP-007,31,乳香|厚朴|川烏|木鼈子|柳枝|槐枝|沒藥|海螵蛸|當歸|白及|白膠香|白芷|白蘞|皂角|苦參|草烏|鱉甲|黃柏|黃芩|黃連|龍骨,乳香|厚朴|川芎|木鼈子|柳枝|槐枝|沒藥|當歸|白及|白芷|白蘞|苦參|草烏|黃柏|黃芩|黃連|龍骨,海螵蛸|烏賊魚骨|皂角|豬牙皂角|鱉甲|鼈甲,白蘝|香白芷
衛署成製字第015238號,EFP-001,102,乳香|威靈仙|木鼈子|沒藥|蓖麻子,乳香|威靈仙|木鼈子|沒藥|蓖麻子,,田七(川七)
衛署成製字第015775號,EFP-004,79,乳香|杏仁|沒藥|玄參|當歸尾|白膠香|白芷|草烏|豬牙皂角|連鬚葉蔥,乳香|杏仁|沒藥|玄參|白芷|草烏|豬牙皂角,當歸|當歸尾|白膠香|連鬚葉蔥,一條根(大葉千斤拔)|梅片(冰片)|歸尾|葱(帶鬚)|蓮鬚葉葱|蔓性千斤拔(一條根)|蔥(帶鬚)|薄荷葉|藥用炭|辣椒提取物
衛署成製字第016326號,EFP-002,96,乳香|大黃|木鼈子|沒藥|玄參|生地黃|當歸|白芷|肉桂|血餘|赤芍|阿魏,乳香|大黃|木鼈子|沒藥|玄參|生地黃|當歸|白芷|肉桂|血餘|赤芍|阿魏,川烏|柳枝|槐枝|獨活|草烏|辣椒,木瓜|木龞子
衛部成製字第016460號,EFP-001,102,乳香|威靈仙|木鼈子|梅片|沒藥|蓖麻子,乳香|威靈仙|木鼈子|沒藥|蓖麻子,,田七(川七)
衛部成製字第016570號,EFP-003,93,大黃|川烏|木鼈子|柳枝|烏藥|獨活|玄參|甘草|生地黃|當歸|白及|白芷|白蘞|羌活|肉桂|苦參|草烏|赤芍,大黃|川烏|木鼈子|烏藥|獨活|玄參|甘草|生地黃|當歸|白及|白芷|白蘞|羌活|肉桂|苦參|草烏|赤芍,柳枝,土木鱉|土鼈子|地黃|桂枝|白笈
衛部成製字第016754號,EFP-005,40,乳香|五加皮|半夏|川牛膝|川芎|木香|沒藥|當歸|石菖蒲|秦艽|紅花|肉桂|萆薢|蒼朮|蛇床子|赤芍|骨碎補,五加皮|半夏|川牛膝|川芎|木香|沒藥|當歸|石斛|石菖蒲|秦艽|紅花|肉桂|自然銅|萆薢|蒼朮|蛇床子|赤芍|附子|骨碎補|鹿茸,乳香|瓜兒血竭|血竭|透骨草,川附子|炮附子|萆解
衛部成製字第016863號,EFP-004,79,乳香|冬青油|杏仁|沒藥|玄參|當歸尾|白膠香|白芷|草烏|蔓性千斤拔(一條根)|薄荷葉|豬牙皂角|連鬚葉蔥,乳香|杏仁|沒藥|玄參|白芷|草烏|豬牙皂角,當歸|當歸尾|白膠香|連鬚葉蔥,一條根(大葉千斤拔)|梅片(冰片)|歸尾|葱(帶鬚)|蓮鬚葉葱|蔓性千斤拔(一條根)|蔥(帶鬚)|薄荷葉|藥用炭|辣椒提取物
衛署成製字第007227號,EFP-010,8,乳香|何首烏|半夏|大楓子|大黃|川椒|川烏|木鼈子|殭蠶|沒藥|甘草|生南星|當歸|白芷|秦艽|紅花|細辛|羌活|草烏|荊芥|蒼朮|蛇床子|蟬蛻|赤芍|連翹|金銀花|防風|骨碎補|黃柏|黃芩,乳香|何首烏|半夏|大黃|川烏|木鼈子|沒藥|甘草|生南星|當歸|白芷|秦艽|紅花|細辛|羌活|草烏|荊芥|蒼朮|蛇床子|赤芍|連翹|金銀花|防風|骨碎補|黃柏|黃芩,大楓子|大風子|川椒|殭蠶|白殭蠶|花椒|蟬蛻|蟬退,銀花
衛署成製字第011271號,EFP-003,93,地黃|大黃|川烏|木鼈子|桂枝|烏藥|獨活|玄參|甘草|當歸|白及|白芷|白蘞|羌活|苦參|草烏|赤芍,大黃|川烏|木鼈子|烏藥|獨活|玄參|甘草|生地黃|當歸|白及|白芷|白蘞|羌活|肉桂|苦參|草烏|赤芍,柳枝,土木鱉|土鼈子|地黃|桂枝|白笈
衛署成製字第012072號,EFP-007,31,乳香|厚朴|川芎|木鼈子|柳枝|槐枝|沒藥|海螵蛸|當歸|白及|白芷|白蘞|皂角|苦參|草烏|鱉甲|黃柏|黃芩|黃連|龍骨,乳香|厚朴|川芎|木鼈子|柳枝|槐枝|沒藥|當歸|白及|白芷|白蘞|苦參|草烏|黃柏|黃芩|黃連|龍骨,海螵蛸|烏賊魚骨|皂角|豬牙皂角|鱉甲|鼈甲,白蘝|香白芷
衛署成製字第012115號,EFP-003,93,川烏|木鼈子|柳枝|烏藥|獨活|玄參|甘草|生地|當歸|白及|白芷|白蘞|羌活|肉桂|苦參子|草烏|赤芍,大黃|川烏|木鼈子|烏藥|獨活|玄參|甘草|生地黃|當歸|白及|白芷|白蘞|羌活|肉桂|苦參|草烏|赤芍,柳枝,土木鱉|土鼈子|地黃|桂枝|白笈
衛署成製字第012230號,EFP-006,36,升麻|大黃|梔子|沒藥|漏蘆|甘草|白及|白蘞|紅花|蘆薈|青黛,升麻|大黃|沒藥|漏蘆|甘草|白及|白蘞|紅花|蘆薈|青黛,山梔子|生梔子,白蘝|膠|麝香銅
衛署成製字第012242號,EFP-008,25,乳香|沒藥,乳香|沒藥,,
衛署成製字第012419號,EFP-001,102,乳香|威靈仙|木鼈子|沒藥|蓖麻子|黃臘,乳香|威靈仙|木鼈子|沒藥|蓖麻子,,田七(川七)
衛部成製字第012793A   號,EFP-008,25,乳香|沒藥,乳香|沒藥,,
衛署成製字第012939號,EFP-001,102,乳香|威靈仙|木鼈子|沒藥|蓖麻子,乳香|威靈仙|木鼈子|沒藥|蓖麻子,,田七(川七)
衛署成製字第014323號,EFP-005,40,乳香|五加皮|半夏|川牛膝|川芎|木香|沒藥|瓜兒血竭|當歸|石斛|石菖蒲|秦艽|紅花|肉桂|自然銅|萆薢|蒼朮|蛇床子|赤芍|附子|骨碎補|鹿茸,五加皮|半夏|川牛膝|川芎|木香|沒藥|當歸|石斛|石菖蒲|秦艽|紅花|肉桂|自然銅|萆薢|蒼朮|蛇床子|赤芍|附子|骨碎補|鹿茸,乳香|瓜兒血竭|血竭|透骨草,川附子|炮附子|萆解
衛署成製字第014366號,EFP-009,9,乳香|川椒|沒藥|牙皂|陳皮,乳香|川椒|沒藥|牙皂|陳皮,,
衛署成製字第014484號,EFP-007,31,乳香|厚朴|川芎|木鼈子|柳枝|槐枝|沒藥|海螵蛸|當歸|白及|白芷|白蘞|皂角|苦參|草烏|鱉甲|黃柏|黃芩|黃連|龍骨,乳香|厚朴|川芎|木鼈子|柳枝|槐枝|沒藥|當歸|白及|白芷|白蘞|苦參|草烏|黃柏|黃芩|黃連|龍骨,海螵蛸|烏賊魚骨|皂角|豬牙皂角|鱉甲|鼈甲,白蘝|香白芷
衛署成製字第014521號,EFP-014,2,乳香|沒藥|麝香酮,乳香|沒藥|麝香酮,,
衛署成製字第014522號,EFP-003,93,大黃|川烏|木虌子|烏藥|獨活|玄參|甘草|生地|當歸|白及|白芷|白蘞|羌活|肉桂|苦參|草烏|赤芍,大黃|川烏|木鼈子|烏藥|獨活|玄參|甘草|生地黃|當歸|白及|白芷|白蘞|羌活|肉桂|苦參|草烏|赤芍,柳枝,土木鱉|土鼈子|地黃|桂枝|白笈
衛署成製字第014630號,EFP-001,102,乳香|威靈仙|木鼈子|沒藥|活性炭|蓖麻子,乳香|威靈仙|木鼈子|沒藥|蓖麻子,,田七(川七)
衛署成製字第015191號,EFP-003,93,大黃|川烏|木鼈子|烏藥|獨活|玄參|甘草|生地黃|當歸|白及|白芷|白蘞|羌活|苦參|草烏|赤芍,大黃|川烏|木鼈子|烏藥|獨活|玄參|甘草|生地黃|當歸|白及|白芷|白蘞|羌活|肉桂|苦參|草烏|赤芍,柳枝,土木鱉|土鼈子|地黃|桂枝|白笈
衛署成製字第015574號,EFP-006,36,升麻|大黃|山梔子|沒藥|漏盧|甘草|白及|白蘞|紅花|蘆薈|青黛,升麻|大黃|沒藥|漏蘆|甘草|白及|白蘞|紅花|蘆薈|青黛,山梔子|生梔子,白蘝|膠|麝香銅
衛署成製字第015591號,EFP-001,102,乳香|威靈仙|川七|木鼈子|沒藥|蓖麻子|黃臘,乳香|威靈仙|木鼈子|沒藥|蓖麻子,,田七(川七)
衛署成製字第015628號,EFP-004,79,乳香|杏仁|沒藥|玄參|當歸|白芷|草烏|豬牙皂角|連鬚葉蔥,乳香|杏仁|沒藥|玄參|白芷|草烏|豬牙皂角,當歸|當歸尾|白膠香|連鬚葉蔥,一條根(大葉千斤拔)|梅片(冰片)|歸尾|葱(帶鬚)|蓮鬚葉葱|蔓性千斤拔(一條根)|蔥(帶鬚)|薄荷葉|藥用炭|辣椒提取物
衛署成製字第015708號,EFP-006,36,升麻|大黃|山梔子|沒藥|漏蘆|甘草|白及|白蘞|紅花|蘆薈|青黛,升麻|大黃|沒藥|漏蘆|甘草|白及|白蘞|紅花|蘆薈|青黛,山梔子|生梔子,白蘝|膠|麝香銅
衛署成製字第015773號,EFP-001,102,乳香|威靈仙|沒藥|蓖麻子,乳香|威靈仙|木鼈子|沒藥|蓖麻子,,田七(川七)
衛部成製字第016515號,EFP-004,79,乳香|杏仁|沒藥|玄參|當歸尾|白膠香|白芷|草烏|豬牙皂角|連鬚葉蔥|黃臘,乳香|杏仁|沒藥|玄參|白芷|草烏|豬牙皂角,當歸|當歸尾|白膠香|連鬚葉蔥,一條根(大葉千斤拔)|梅片(冰片)|歸尾|葱(帶鬚)|蓮鬚葉葱|蔓性千斤拔(一條根)|蔥(帶鬚)|薄荷葉|藥用炭|辣椒提取物
衛部成製字第016590號,EFP-001,102,乳香|木鼈子|沒藥|蓖麻子,乳香|威靈仙|木鼈子|沒藥|蓖麻子,,田七(川七)
衛部成製字第016896號,EFP-050,1,生辣椒,生辣椒,,
衛部成製字第016924號,EFP-002,96,乳香|大黃|川烏|木鼈子|柳枝|槐枝|沒藥|玄參|生地黃|當歸|白芷|肉桂|草烏|血餘|赤芍|辣椒|阿魏,乳香|大黃|木鼈子|沒藥|玄參|生地黃|當歸|白芷|肉桂|血餘|赤芍|阿魏,川烏|柳枝|槐枝|獨活|草烏|辣椒,木瓜|木龞子
衛部成製字第017068號,EFP-052,1,丁二醇|乳香|乾薑|大黃|沒藥|烏藥|獨活|甘草|當歸|白及|白芷|羌活|肉桂|赤芍,丁二醇|乳香|乾薑|大黃|沒藥|烏藥|獨活|甘草|當歸|白及|白芷|羌活|肉桂|赤芍,,
衛署成製字第003926號,EFP-002,96,乳香|大黃|木鼈子|沒藥|玄參|生地黃|當歸|白芷|肉桂|血餘|赤芍|阿魏,乳香|大黃|木鼈子|沒藥|玄參|生地黃|當歸|白芷|肉桂|血餘|赤芍|阿魏,川烏|柳枝|槐枝|獨活|草烏|辣椒,木瓜|木龞子
衛署成製字第004305號,EFP-002,96,乳香|大黃|木鼈子|沒藥|玄參|生地黃|當歸|白芷|肉桂|血餘|赤芍|阿魏,乳香|大黃|木鼈子|沒藥|玄參|生地黃|當歸|白芷|肉桂|血餘|赤芍|阿魏,川烏|柳枝|槐枝|獨活|草烏|辣椒,木瓜|木龞子
衛署成製字第007354號,EFP-001,102,乳香|威靈仙|木鼈子|沒藥|蓖麻子,乳香|威靈仙|木鼈子|沒藥|蓖麻子,,田七(川七)
衛署成製字第007549號,EFP-007,31,乳香|厚朴|川芎|木鼈子仁|柳枝|槐枝|沒藥|烏賊魚骨|當歸|白及|白芷|白蘞|苦參|草烏|豬牙皂角|黃柏|黃芩|黃連|鼈甲|龍骨,乳香|厚朴|川芎|木鼈子|柳枝|槐枝|沒藥|當歸|白及|白芷|白蘞|苦參|草烏|黃柏|黃芩|黃連|龍骨,海螵蛸|烏賊魚骨|皂角|豬牙皂角|鱉甲|鼈甲,白蘝|香白芷
衛署成製字第008067號,EFP-002,96,乳香|土木鼈|大黃|沒藥|玄參|生地黃|白芷|肉桂|血餘|赤芍藥|阿魏|黃丹,乳香|大黃|木鼈子|沒藥|玄參|生地黃|當歸|白芷|肉桂|血餘|赤芍|阿魏,川烏|柳枝|槐枝|獨活|草烏|辣椒,木瓜|木龞子
衛署成製字第009988號,EFP-007,31,乳香|厚朴|川芎|木鼈子|柳枝|槐枝|沒藥|烏賊魚骨|當歸|白及|白芷|白蘞|苦參|草烏|豬牙皂角|鱉甲|黃柏|黃芩|黃連|龍骨,乳香|厚朴|川芎|木鼈子|柳枝|槐枝|沒藥|當歸|白及|白芷|白蘞|苦參|草烏|黃柏|黃芩|黃連|龍骨,海螵蛸|烏賊魚骨|皂角|豬牙皂角|鱉甲|鼈甲,白蘝|香白芷
衛署成製字第012075號,EFP-003,93,川烏|木鼈子|柳枝|烏藥|獨活|玄參|甘草|生地黃|當歸|白及|白芷|白蘞|羌活|肉桂|苦參子|草烏|赤芍,大黃|川烏|木鼈子|烏藥|獨活|玄參|甘草|生地黃|當歸|白及|白芷|白蘞|羌活|肉桂|苦參|草烏|赤芍,柳枝,土木鱉|土鼈子|地黃|桂枝|白笈
衛署成製字第013525號,EFP-004,79,乳香|杏仁|沒藥|玄參|當歸尾|白膠香|白芷|草烏|豬牙皂角|連鬚葉蔥,乳香|杏仁|沒藥|玄參|白芷|草烏|豬牙皂角,當歸|當歸尾|白膠香|連鬚葉蔥,一條根(大葉千斤拔)|梅片(冰片)|歸尾|葱(帶鬚)|蓮鬚葉葱|蔓性千斤拔(一條根)|蔥(帶鬚)|薄荷葉|藥用炭|辣椒提取物
衛署成製字第014857號,EFP-001,102,乳香|威靈仙|木鼈子|沒藥,乳香|威靈仙|木鼈子|沒藥|蓖麻子,,田七(川七)
衛署成製字第014885號,EFP-006,36,升麻|大黃|沒藥|漏蘆|甘草|生梔子|白及|白蘞|紅花|蘆薈|青黛,升麻|大黃|沒藥|漏蘆|甘草|白及|白蘞|紅花|蘆薈|青黛,山梔子|生梔子,白蘝|膠|麝香銅
衛署成製字第014991號,EFP-002,96,乳香|大黃|川烏|木鼈子|柳枝|槐枝|沒藥|玄參|生地黃|當歸|白芷|肉桂|草烏|血餘|赤芍|辣椒|阿魏,乳香|大黃|木鼈子|沒藥|玄參|生地黃|當歸|白芷|肉桂|血餘|赤芍|阿魏,川烏|柳枝|槐枝|獨活|草烏|辣椒,木瓜|木龞子
衛署成製字第015318號,EFP-003,93,大黃|川烏|木鼈子|烏藥|獨活|玄參|甘草|生地黃|當歸|白及|白芷|白蘞|羌活|苦參|草烏|赤芍,大黃|川烏|木鼈子|烏藥|獨活|玄參|甘草|生地黃|當歸|白及|白芷|白蘞|羌活|肉桂|苦參|草烏|赤芍,柳枝,土木鱉|土鼈子|地黃|桂枝|白笈
衛署成製字第015355號,EFP-006,36,升麻|大黃|山梔子|沒藥|漏蘆|甘草|白及|白蘞|紅花|蘆薈|青黛,升麻|大黃|沒藥|漏蘆|甘草|白及|白蘞|紅花|蘆薈|青黛,山梔子|生梔子,白蘝|膠|麝香銅
衛署成製字第007591號,EFP-003,93,大黃|川烏|柳枝|烏藥|獨活|玄參|甘草|生地黃|當歸|白及|白芷|白蘞|羌活|肉桂|苦參|草烏|薄荷|赤芍,大黃|川烏|木鼈子|烏藥|獨活|玄參|甘草|生地黃|當歸|白及|白芷|白蘞|羌活|肉桂|苦參|草烏|赤芍,柳枝,土木鱉|土鼈子|地黃|桂枝|白笈
衛署成製字第009919號,EFP-002,96,乳香|大黃|木鼈子|沒藥|玄參|生地黃|當歸|白芷|肉桂|血餘|赤芍|阿魏,乳香|大黃|木鼈子|沒藥|玄參|生地黃|當歸|白芷|肉桂|血餘|赤芍|阿魏,川烏|柳枝|槐枝|獨活|草烏|辣椒,木瓜|木龞子
衛署成製字第012017號,EFP-001,102,乳香|威靈仙|木鼈子|沒藥|蓖麻子,乳香|威靈仙|木鼈子|沒藥|蓖麻子,,田七(川七)
衛署成製字第012186號,EFP-006,36,升麻|大黃|沒藥|漏蘆|甘草|生梔子|白及|白蘞|紅花|蘆薈|青黛,升麻|大黃|沒藥|漏蘆|甘草|白及|白蘞|紅花|蘆薈|青黛,山梔子|生梔子,白蘝|膠|麝香銅
衛署成製字第013199號,EFP-001,102,乳香|威靈仙|木鼈子|沒藥|活性炭|蓖麻子,乳香|威靈仙|木鼈子|沒藥|蓖麻子,,田七(川七)
衛署成製字第013375號,EFP-004,79,乳香|杏仁|沒藥|玄參|當歸尾|白及|白膠香|白芷|豬牙皂角|連鬚葉蔥,乳香|杏仁|沒藥|玄參|白芷|草烏|豬牙皂角,當歸|當歸尾|白膠香|連鬚葉蔥,一條根(大葉千斤拔)|梅片(冰片)|歸尾|葱(帶鬚)|蓮鬚葉葱|蔓性千斤拔(一條根)|蔥(帶鬚)|薄荷葉|藥用炭|辣椒提取物
衛署成製字第013440號,EFP-004,79,乳香|杏仁|沒藥|玄參|當歸尾|白膠香|白芷|草烏|豬牙皂角|連鬚葉葱,乳香|杏仁|沒藥|玄參|白芷|草烏|豬牙皂角,當歸|當歸尾|白膠香|連鬚葉蔥,一條根(大葉千斤拔)|梅片(冰片)|歸尾|葱(帶鬚)|蓮鬚葉葱|蔓性千斤拔(一條根)|蔥(帶鬚)|薄荷葉|藥用炭|辣椒提取物
衛署成製字第014863號,EFP-002,96,乳香|大黃|木鼈子|沒藥|玄參|生地黃|當歸|白芷|肉桂|血餘|赤芍|阿魏,乳香|大黃|木鼈子|沒藥|玄參|生地黃|當歸|白芷|肉桂|血餘|赤芍|阿魏,川烏|柳枝|槐枝|獨活|草烏|辣椒,木瓜|木龞子
衛署成製字第014871號,EFP-001,102,乳香|威靈仙|木鼈子|沒藥|蓖麻子,乳香|威靈仙|木鼈子|沒藥|蓖麻子,,田七(川七)
衛署成製字第014912號,EFP-007,31,乳香|厚朴|川芎|木鼈子|柳枝|槐枝|沒藥|海螵蛸|當歸|白及|白芷|白蘞|苦參|草烏|豬牙皂角|黃柏|黃芩|黃連|鼈甲|龍骨,乳香|厚朴|川芎|木鼈子|柳枝|槐枝|沒藥|當歸|白及|白芷|白蘞|苦參|草烏|黃柏|黃芩|黃連|龍骨,海螵蛸|烏賊魚骨|皂角|豬牙皂角|鱉甲|鼈甲,白蘝|香白芷
衛署成製字第014973號,EFP-006,36,升麻|大黃|山梔子|沒藥|漏蘆|甘草|白及|白蘞|紅花|蘆薈|青黛,升麻|大黃|沒藥|漏蘆|甘草|白及|白蘞|紅花|蘆薈|青黛,山梔子|生梔子,白蘝|膠|麝香銅
衛署成製字第015263號,EFP-032,1,辣椒,辣椒,,
衛署成製字第015658號,EFP-001,102,三七|乳香|威靈仙|木鼈子|沒藥|蓖麻子,乳香|威靈仙|木鼈子|沒藥|蓖麻子,,田七(川七)
衛署成製字第015861號,EFP-004,79,乳香|杏仁|沒藥|玄參|當歸尾|白膠香|白芷|草烏|豬牙皂角|連鬚葉蔥,乳香|杏仁|沒藥|玄參|白芷|草烏|豬牙皂角,當歸|當歸尾|白膠香|連鬚葉蔥,一條根(大葉千斤拔)|梅片(冰片)|歸尾|葱(帶鬚)|蓮鬚葉葱|蔓性千斤拔(一條根)|蔥(帶鬚)|薄荷葉|藥用炭|辣椒提取物
衛署成製字第016161號,EFP-010,8,乳香|何首烏|半夏|大風子|大黃|川椒|川烏|木鼈子|殭蠶|沒藥|甘草|生南星|當歸|白芷|秦艽|紅花|細辛|羌活|草烏|荊芥|蒼朮|蛇床子|蟬退|赤芍|連翹|金銀花|防風|骨碎補|黃柏|黃芩,乳香|何首烏|半夏|大黃|川烏|木鼈子|沒藥|甘草|生南星|當歸|白芷|秦艽|紅花|細辛|羌活|草烏|荊芥|蒼朮|蛇床子|赤芍|連翹|金銀花|防風|骨碎補|黃柏|黃芩,大楓子|大風子|川椒|殭蠶|白殭蠶|花椒|蟬蛻|蟬退,銀花
衛部成製字第016513號,EFP-002,96,乳香|大黃|木鼈子|沒藥|玄參|生地黃|當歸|白芷|肉桂|薄荷|血餘|赤芍|阿魏,乳香|大黃|木鼈子|沒藥|玄參|生地黃|當歸|白芷|肉桂|血餘|赤芍|阿魏,川烏|柳枝|槐枝|獨活|草烏|辣椒,木瓜|木龞子
衛部成製字第016654號,EFP-001,102,乳香|威靈仙|木鼈子|沒藥|蓖麻子|黃臘,乳香|威靈仙|木鼈子|沒藥|蓖麻子,,田七(川七)
衛署成製字第010163號,EFP-002,96,乳香|大黃|木鼈子|柳枝|沒藥|獨活|玄參|生地黃|當歸|白芷|肉桂|血餘|赤芍|阿魏,乳香|大黃|木鼈子|沒藥|玄參|生地黃|當歸|白芷|肉桂|血餘|赤芍|阿魏,川烏|柳枝|槐枝|獨活|草烏|辣椒,木瓜|木龞子
衛署成製字第011257號,EFP-002,96,乳香|大黃|木鼈子|柳枝|沒藥|獨活|玄參|生地黃|當歸|白芷|肉桂|血餘|赤芍|阿魏,乳香|大黃|木鼈子|沒藥|玄參|生地黃|當歸|白芷|肉桂|血餘|赤芍|阿魏,川烏|柳枝|槐枝|獨活|草烏|辣椒,木瓜|木龞子
衛署成製字第011718號,EFP-004,79,乳香|杏仁|沒藥|玄參|當歸尾|白膠香|白芷|草烏|豬牙皂|連鬚葉蔥,乳香|杏仁|沒藥|玄參|白芷|草烏|豬牙皂角,當歸|當歸尾|白膠香|連鬚葉蔥,一條根(大葉千斤拔)|梅片(冰片)|歸尾|葱(帶鬚)|蓮鬚葉葱|蔓性千斤拔(一條根)|蔥(帶鬚)|薄荷葉|藥用炭|辣椒提取物
衛署成製字第011919號,EFP-003,93,土木鼈|大黃|川烏|沒藥|烏藥|獨活|玄參|甘草|生地黃|當歸|白芷|白蘞|羌活|肉桂|苦參|草烏|薄荷|赤芍,大黃|川烏|木鼈子|烏藥|獨活|玄參|甘草|生地黃|當歸|白及|白芷|白蘞|羌活|肉桂|苦參|草烏|赤芍,柳枝,土木鱉|土鼈子|地黃|桂枝|白笈
衛署成製字第012247號,EFP-005,40,五加皮|半夏|川牛膝|川芎|木香|沒藥|當歸|石斛|石菖蒲|秦艽|紅花|肉桂|自然銅|萆薢|蒼朮|蛇床子|血竭|赤芍|透骨草|附子|骨碎補|鹿茸,五加皮|半夏|川牛膝|川芎|木香|沒藥|當歸|石斛|石菖蒲|秦艽|紅花|肉桂|自然銅|萆薢|蒼朮|蛇床子|赤芍|附子|骨碎補|鹿茸,乳香|瓜兒血竭|血竭|透骨草,川附子|炮附子|萆解
衛署成製字第012275號,EFP-007,31,乳香|厚朴|川芎|木鼈子|柳枝|槐枝|沒藥|海螵蛸|當歸|白及|白膠香|白芷|白蘞|皂角|苦參|草烏|黃柏|黃芩|黃連|鼈甲|龍骨,乳香|厚朴|川芎|木鼈子|柳枝|槐枝|沒藥|當歸|白及|白芷|白蘞|苦參|草烏|黃柏|黃芩|黃連|龍骨,海螵蛸|烏賊魚骨|皂角|豬牙皂角|鱉甲|鼈甲,白蘝|香白芷
衛署成製字第013373號,EFP-003,93,乳香|大黃|木鼈子|柳枝|槐枝|沒藥|烏藥|獨活|玄參|甘草|生地黃|當歸|白芷|白蘞|羌活|肉桂|赤芍,大黃|川烏|木鼈子|烏藥|獨活|玄參|甘草|生地黃|當歸|白及|白芷|白蘞|羌活|肉桂|苦參|草烏|赤芍,柳枝,土木鱉|土鼈子|地黃|桂枝|白笈
衛署成製字第013816號,EFP-003,93,丁香|大黃|川七|川烏|木鼈子|柳枝|烏藥|獨活|玄參|甘草|生地黃|當歸|白及|白芷|白蘞|羌活|肉桂|苦參|草烏|赤芍,大黃|川烏|木鼈子|烏藥|獨活|玄參|甘草|生地黃|當歸|白及|白芷|白蘞|羌活|肉桂|苦參|草烏|赤芍,柳枝,土木鱉|土鼈子|地黃|桂枝|白笈
衛署成製字第013818號,EFP-004,79,乳香|杏仁|沒藥|玄參|當歸尾|白膠香|白芷|皂角|草烏|連鬚葉葱,乳香|杏仁|沒藥|玄參|白芷|草烏|豬牙皂角,當歸|當歸尾|白膠香|連鬚葉蔥,一條根(大葉千斤拔)|梅片(冰片)|歸尾|葱(帶鬚)|蓮鬚葉葱|蔓性千斤拔(一條根)|蔥(帶鬚)|薄荷葉|藥用炭|辣椒提取物
衛署成製字第014112號,EFP-001,102,乳香|威靈仙|木鼈子|沒藥|蓖麻子,乳香|威靈仙|木鼈子|沒藥|蓖麻子,,田七(川七)
衛署成製字第014431號,EFP-006,36,升麻|大黃|沒藥|漏蘆|甘草|生梔子|白及|白蘞|紅花|蘆薈|青黛,升麻|大黃|沒藥|漏蘆|甘草|白及|白蘞|紅花|蘆薈|青黛,山梔子|生梔子,白蘝|膠|麝香銅
衛署成製字第014852號,EFP-002,96,乳香|大黃|木鼈子|沒藥|玄參|生地黃|當歸|白芷|肉桂|血餘|赤芍|阿魏,乳香|大黃|木鼈子|沒藥|玄參|生地黃|當歸|白芷|肉桂|血餘|赤芍|阿魏,川烏|柳枝|槐枝|獨活|草烏|辣椒,木瓜|木龞子
衛部成製字第016341號,EFP-004,79,乳香|杏仁|沒藥|玄參|當歸|白膠香|白芷|草烏|豬牙皂角|連鬚葉蔥,乳香|杏仁|沒藥|玄參|白芷|草烏|豬牙皂角,當歸|當歸尾|白膠香|連鬚葉蔥,一條根(大葉千斤拔)|梅片(冰片)|歸尾|葱(帶鬚)|蓮鬚葉葱|蔓性千斤拔(一條根)|蔥(帶鬚)|薄荷葉|藥用炭|辣椒提取物
衛部成製字第016343號,EFP-006,36,升麻|大黃|山梔子|沒藥|漏蘆|甘草|白及|白蘞|紅花|蘆薈|青黛,升麻|大黃|沒藥|漏蘆|甘草|白及|白蘞|紅花|蘆薈|青黛,山梔子|生梔子,白蘝|膠|麝香銅
衛部成製字第016419號,EFP-043,1,乳香|五靈脂|地龍|大黃|姜蚕|川烏|川芎|木通|木香|桂枝|沒藥|牛蒡草根梗葉|當歸|白及|白芷|白蘞|續斷|肉桂|草烏|荊芥|赤芍|防風|附子|陳皮|風仙花梗葉|香櫞,乳香|五靈脂|地龍|大黃|姜蚕|川烏|川芎|木通|木香|桂枝|沒藥|牛蒡草根梗葉|當歸|白及|白芷|白蘞|續斷|肉桂|草烏|荊芥|赤芍|防風|附子|陳皮|風仙花梗葉|香櫞,,
衛署成製字第007215號,EFP-006,36,升麻|大黃|沒藥|漏蘆|甘草|生梔子|白及|白蘞|紅花|蘆薈|青黛,升麻|大黃|沒藥|漏蘆|甘草|白及|白蘞|紅花|蘆薈|青黛,山梔子|生梔子,白蘝|膠|麝香銅
衛署成製字第008523號,EFP-014,2,乳香|沒藥|麝香酮,乳香|沒藥|麝香酮,,
衛署成製字第011582號,EFP-001,102,乳香|威靈仙|木鼈子|沒藥|蓖麻子,乳香|威靈仙|木鼈子|沒藥|蓖麻子,,田七(川七)
衛署成製字第011584號,EFP-001,102,乳香|威靈仙|木鼈子|沒藥|蓖麻子,乳香|威靈仙|木鼈子|沒藥|蓖麻子,,田七(川七)
衛署成製字第012132號,EFP-002,96,乳香|大黃|木鼈子|沒藥|玄參|生地黃|當歸|白芷|肉桂|血餘|赤芍|阿魏,乳香|大黃|木鼈子|沒藥|玄參|生地黃|當歸|白芷|肉桂|血餘|赤芍|阿魏,川烏|柳枝|槐枝|獨活|草烏|辣椒,木瓜|木龞子
衛署成製字第014355號,EFP-003,93,川烏|木鼈子|柳枝|烏藥|獨活|玄參|甘草|生地黃|當歸|白及|白芷|白蘞|紅花|羌活|肉桂|苦參|草烏|赤芍|骨碎補,大黃|川烏|木鼈子|烏藥|獨活|玄參|甘草|生地黃|當歸|白及|白芷|白蘞|羌活|肉桂|苦參|草烏|赤芍,柳枝,土木鱉|土鼈子|地黃|桂枝|白笈
衛署成製字第014626號,EFP-002,96,乳香|大黃|木瓜|沒藥|獨活|玄參|生地黃|當歸|白芷|羌活|肉桂|赤芍|防風,乳香|大黃|木鼈子|沒藥|玄參|生地黃|當歸|白芷|肉桂|血餘|赤芍|阿魏,川烏|柳枝|槐枝|獨活|草烏|辣椒,木瓜|木龞子
衛署成製字第014729號,EFP-001,102,乳香|威靈仙|川七|木鼈子|柳枝|沒藥|蓖麻子,乳香|威靈仙|木鼈子|沒藥|蓖麻子,,田七(川七)
衛署成製字第015224號,EFP-001,102,乳香|威靈仙|木鼈子|沒藥|蓖麻子,乳香|威靈仙|木鼈子|沒藥|蓖麻子,,田七(川七)
衛署成製字第015281號,EFP-001,102,三七|乳香|威靈仙|木鼈子|沒藥|蓖麻子,乳香|威靈仙|木鼈子|沒藥|蓖麻子,,田七(川七)
衛署成製字第015621號,EFP-002,96,乳香|大黃|川烏|木鼈子|柳枝|槐枝|沒藥|玄參|生地黃|當歸|白芷|肉桂|草烏|血餘|赤芍|辣椒|阿魏,乳香|大黃|木鼈子|沒藥|玄參|生地黃|當歸|白芷|肉桂|血餘|赤芍|阿魏,川烏|柳枝|槐枝|獨活|草烏|辣椒,木瓜|木龞子
衛署成製字第015833號,EFP-002,96,乳香|大黃|木鼈子|沒藥|玄參|生地黃|白芷|肉桂|血餘|赤芍|阿魏,乳香|大黃|木鼈子|沒藥|玄參|生地黃|當歸|白芷|肉桂|血餘|赤芍|阿魏,川烏|柳枝|槐枝|獨活|草烏|辣椒,木瓜|木龞子
衛署成製字第015959號,EFP-008,25,乳香|沒藥,乳香|沒藥,,
衛署成製字第016082號,EFP-016,2,白千層油|辣椒油,白千層油|辣椒油,,
衛部成製字第016381號,EFP-042,1,黃臘,黃臘,,
衛部成製字第016729號,EFP-047,1,三七|三稜|乳香(炒)|兒茶|土鱉蟲|大黃|木瓜|沒藥(炒)|烏藥|生川烏|生草烏|當歸|白及|白芷|白蘞|肉桂|莪朮|血竭|赤芍|連翹,三七|三稜|乳香(炒)|兒茶|土鱉蟲|大黃|木瓜|沒藥(炒)|烏藥|生川烏|生草烏|當歸|白及|白芷|白蘞|肉桂|莪朮|血竭|赤芍|連翹,,
衛署成製字第007924號,EFP-002,96,乳香|大黃|木鼈子|沒藥|玄參|生地黃|當歸|白芷|肉桂|血餘|赤芍藥|阿魏,乳香|大黃|木鼈子|沒藥|玄參|生地黃|當歸|白芷|肉桂|血餘|赤芍|阿魏,川烏|柳枝|槐枝|獨活|草烏|辣椒,木瓜|木龞子
衛署成製字第008616號,EFP-001,102,乳香|威靈仙|木鼈子|沒藥|蓖麻子,乳香|威靈仙|木鼈子|沒藥|蓖麻子,,田七(川七)
衛署成製字第009957號,EFP-001,102,乳香|威靈仙|木鼈子|沒藥|蓖麻子,乳香|威靈仙|木鼈子|沒藥|蓖麻子,,田七(川七)
衛署成製字第009981號,EFP-008,25,乳香|沒藥,乳香|沒藥,,
衛署成製字第011833號,EFP-008,25,乳香|沒藥,乳香|沒藥,,
衛署成製字第013721號,EFP-007,31,乳香|厚朴|川芎|木鼈子|槐枝|沒藥|烏賊魚骨|當歸|白及|白芷|白蘞|苦參|草烏|豬牙皂角|黃柏|黃芩|黃連|鼈甲|龍骨,乳香|厚朴|川芎|木鼈子|柳枝|槐枝|沒藥|當歸|白及|白芷|白蘞|苦參|草烏|黃柏|黃芩|黃連|龍骨,海螵蛸|烏賊魚骨|皂角|豬牙皂角|鱉甲|鼈甲,白蘝|香白芷
衛署成製字第013814號,EFP-004,79,乳香|杏仁|沒藥|玄參|當歸尾|白膠香|白芷|草烏|豬牙皂角|連鬚葉葱,乳香|杏仁|沒藥|玄參|白芷|草烏|豬牙皂角,當歸|當歸尾|白膠香|連鬚葉蔥,一條根(大葉千斤拔)|梅片(冰片)|歸尾|葱(帶鬚)|蓮鬚葉葱|蔓性千斤拔(一條根)|蔥(帶鬚)|薄荷葉|藥用炭|辣椒提取物
衛署成製字第014115號,EFP-003,93,乳香|大黃|川烏|木鼈子|沒藥|烏藥|獨活|玄參|甘草|生地黃|當歸|白芷|白蘞|羌活|肉桂|草烏|赤芍,大黃|川烏|木鼈子|烏藥|獨活|玄參|甘草|生地黃|當歸|白及|白芷|白蘞|羌活|肉桂|苦參|草烏|赤芍,柳枝,土木鱉|土鼈子|地黃|桂枝|白笈
衛署成製字第014418號,EFP-003,93,乳香|大黃|川烏|木鼈子|沒藥|烏藥|獨活|玄參|甘草|生地黃|當歸|白芷|白蘞|羌活|肉桂|草烏|赤芍,大黃|川烏|木鼈子|烏藥|獨活|玄參|甘草|生地黃|當歸|白及|白芷|白蘞|羌活|肉桂|苦參|草烏|赤芍,柳枝,土木鱉|土鼈子|地黃|桂枝|白笈
衛署成製字第014430號,EFP-001,102,乳香|威靈仙|木鼈子|沒藥|蓖麻子|黃臘,乳香|威靈仙|木鼈子|沒藥|蓖麻子,,田七(川七)
衛署成製字第014982號,EFP-002,96,乳香|大黃|沒藥|玄參|生地黃|當歸|白芷|肉桂|血餘|赤芍|阿魏,乳香|大黃|木鼈子|沒藥|玄參|生地黃|當歸|白芷|肉桂|血餘|赤芍|阿魏,川烏|柳枝|槐枝|獨活|草烏|辣椒,木瓜|木龞子
衛署成製字第015034號,EFP-002,96,乳香|大黃|木鼈子|沒藥|玄參|生地黃|當歸|白芷|肉桂|血餘|赤芍|阿魏,乳香|大黃|木鼈子|沒藥|玄參|生地黃|當歸|白芷|肉桂|血餘|赤芍|阿魏,川烏|柳枝|槐枝|獨活|草烏|辣椒,木瓜|木龞子
衛署成製字第015225號,EFP-002,96,乳香|大黃|木鼈子|沒藥|玄參|生地黃|當歸|白芷|肉桂|血餘|赤芍|阿魏,乳香|大黃|木鼈子|沒藥|玄參|生地黃|當歸|白芷|肉桂|血餘|赤芍|阿魏,川烏|柳枝|槐枝|獨活|草烏|辣椒,木瓜|木龞子
衛署成製字第015306號,EFP-006,36,升麻|大黃|山梔子|沒藥|漏盧|甘草|白及|白蘞|紅花|蘆薈|青黛,升麻|大黃|沒藥|漏蘆|甘草|白及|白蘞|紅花|蘆薈|青黛,山梔子|生梔子,白蘝|膠|麝香銅
衛署成製字第015342號,EFP-002,96,乳香|大黃|川烏|木鼈子|柳枝|槐枝|沒藥|玄參|生地黃|當歸|白芷|肉桂|草烏|血餘|赤芍|辣椒|阿魏,乳香|大黃|木鼈子|沒藥|玄參|生地黃|當歸|白芷|肉桂|血餘|赤芍|阿魏,川烏|柳枝|槐枝|獨活|草烏|辣椒,木瓜|木龞子
衛署成製字第015396號,EFP-002,96,乳香|大黃|川烏|木鼈子|柳枝|槐枝|沒藥|玄參|生地黃|當歸|白芷|肉桂|草烏|血餘|赤芍|辣椒|阿魏,乳香|大黃|木鼈子|沒藥|玄參|生地黃|當歸|白芷|肉桂|血餘|赤芍|阿魏,川烏|柳枝|槐枝|獨活|草烏|辣椒,木瓜|木龞子
衛署成製字第015672號,EFP-002,96,乳香|大黃|川烏|木鼈子|柳枝|槐枝|沒藥|玄參|生地黃|當歸|白芷|肉桂|草烏|血餘|赤芍|辣椒|阿魏,乳香|大黃|木鼈子|沒藥|玄參|生地黃|當歸|白芷|肉桂|血餘|赤芍|阿魏,川烏|柳枝|槐枝|獨活|草烏|辣椒,木瓜|木龞子
衛部成製字第016474號,EFP-004,79,乳香|杏仁|梅片|沒藥|玄參|當歸尾|白膠香|白芷|草烏|豬牙皂角|連鬚葉蔥|黃臘,乳香|杏仁|沒藥|玄參|白芷|草烏|豬牙皂角,當歸|當歸尾|白膠香|連鬚葉蔥,一條根(大葉千斤拔)|梅片(冰片)|歸尾|葱(帶鬚)|蓮鬚葉葱|蔓性千斤拔(一條根)|蔥(帶鬚)|薄荷葉|藥用炭|辣椒提取物
衛署成製字第003944號,EFP-008,25,乳香|沒藥,乳香|沒藥,,
衛署成製字第005081號,EFP-004,79,乳香|杏仁|沒藥|玄參|當歸尾|白膠香|白芷|草烏|薄荷|豬牙皂角|連鬚葉蔥,乳香|杏仁|沒藥|玄參|白芷|草烏|豬牙皂角,當歸|當歸尾|白膠香|連鬚葉蔥,一條根(大葉千斤拔)|梅片(冰片)|歸尾|葱(帶鬚)|蓮鬚葉葱|蔓性千斤拔(一條根)|蔥(帶鬚)|薄荷葉|藥用炭|辣椒提取物
衛署成製字第007928號,EFP-001,102,乳香|威靈仙|木鼈子|沒藥|蓖麻子,乳香|威靈仙|木鼈子|沒藥|蓖麻子,,田七(川七)
衛署成製字第007952號,EFP-007,31,乳香|厚朴|川芎|木鼈子仁|柳枝|槐枝|沒藥|烏賊魚骨|當歸|白及|白芷|白蘞|苦參|草烏|豬牙皂角|黃柏|黃芩|黃連|鼈甲|龍骨,乳香|厚朴|川芎|木鼈子|柳枝|槐枝|沒藥|當歸|白及|白芷|白蘞|苦參|草烏|黃柏|黃芩|黃連|龍骨,海螵蛸|烏賊魚骨|皂角|豬牙皂角|鱉甲|鼈甲,白蘝|香白芷
衛署成製字第008179號,EFP-005,40,乳香|五加皮|半夏|川牛膝|川芎|木香|沒藥|瓜兒血竭|當歸|石斛|石菖蒲|秦艽|紅花|肉桂|自然銅|萆薢|蒼朮|蛇床子|赤芍|附子|骨碎補|鹿茸,五加皮|半夏|川牛膝|川芎|木香|沒藥|當歸|石斛|石菖蒲|秦艽|紅花|肉桂|自然銅|萆薢|蒼朮|蛇床子|赤芍|附子|骨碎補|鹿茸,乳香|瓜兒血竭|血竭|透骨草,川附子|炮附子|萆解
衛署成製字第009940號,EFP-004,79,乳香|杏仁|沒藥|玄參|當歸尾|白膠香|白芷|草烏|豬牙皂角|連鬚葉蔥,乳香|杏仁|沒藥|玄參|白芷|草烏|豬牙皂角,當歸|當歸尾|白膠香|連鬚葉蔥,一條根(大葉千斤拔)|梅片(冰片)|歸尾|葱(帶鬚)|蓮鬚葉葱|蔓性千斤拔(一條根)|蔥(帶鬚)|薄荷葉|藥用炭|辣椒提取物
衛署成製字第011044號,EFP-002,96,乳香|大黃|木鼈子|沒藥|玄參|生地黃|當歸|白芷|肉桂|血餘|赤芍|阿魏,乳香|大黃|木鼈子|沒藥|玄參|生地黃|當歸|白芷|肉桂|血餘|赤芍|阿魏,川烏|柳枝|槐枝|獨活|草烏|辣椒,木瓜|木龞子
衛署成製字第011597號,EFP-007,31,乳香|厚朴|川芎|木鼈子|柳枝|槐枝|沒藥|海螵蛸|當歸|白及|白芷|白蘞|苦參|草烏|豬牙皂|黃柏|黃芩|黃連|鼈甲|龍骨,乳香|厚朴|川芎|木鼈子|柳枝|槐枝|沒藥|當歸|白及|白芷|白蘞|苦參|草烏|黃柏|黃芩|黃連|龍骨,海螵蛸|烏賊魚骨|皂角|豬牙皂角|鱉甲|鼈甲,白蘝|香白芷
衛署成製字第012040號,EFP-002,96,乳香|土木鼈|大黃|沒藥|玄參|生地黃|白芷|肉桂|血餘|赤芍|阿魏,乳香|大黃|木鼈子|沒藥|玄參|生地黃|當歸|白芷|肉桂|血餘|赤芍|阿魏,川烏|柳枝|槐枝|獨活|草烏|辣椒,木瓜|木龞子
衛署成製字第012383號,EFP-001,102,乳香|威靈仙|木鼈子|沒藥|蓖麻子,乳香|威靈仙|木鼈子|沒藥|蓖麻子,,田七(川七)
衛署成製字第012793號,EFP-008,25,乳香|沒藥,乳香|沒藥,,
衛署成製字第013739號,EFP-005,40,乳香|五加皮|半夏|川牛膝|川芎|木香|沒藥|當歸|石斛|石菖蒲|秦艽|紅花|肉桂|自然銅|萆薢|蒼朮|蛇床子|血竭|赤芍|附子|骨碎補|鹿茸,五加皮|半夏|川牛膝|川芎|木香|沒藥|當歸|石斛|石菖蒲|秦艽|紅花|肉桂|自然銅|萆薢|蒼朮|蛇床子|赤芍|附子|骨碎補|鹿茸,乳香|瓜兒血竭|血竭|透骨草,川附子|炮附子|萆解
衛署成製字第014381號,EFP-003,93,大黃|川烏|木鼈子|烏藥|獨活|玄參|甘草|生地|當歸|白及|白芷|白蘞|羌活|苦參|草烏|赤芍,大黃|川烏|木鼈子|烏藥|獨活|玄參|甘草|生地黃|當歸|白及|白芷|白蘞|羌活|肉桂|苦參|草烏|赤芍,柳枝,土木鱉|土鼈子|地黃|桂枝|白笈
衛署成製字第014616號,EFP-001,102,三七|乳香|威靈仙|木鼈子|沒藥|蓖麻子,乳香|威靈仙|木鼈子|沒藥|蓖麻子,,田七(川七)
衛署成製字第014636號,EFP-004,79,乳香|杏仁|沒藥|玄參|當歸尾|白膠香|白芷|皂莢|草烏|連鬚葉蔥,乳香|杏仁|沒藥|玄參|白芷|草烏|豬牙皂角,當歸|當歸尾|白膠香|連鬚葉蔥,一條根(大葉千斤拔)|梅片(冰片)|歸尾|葱(帶鬚)|蓮鬚葉葱|蔓性千斤拔(一條根)|蔥(帶鬚)|薄荷葉|藥用炭|辣椒提取物
衛署成製字第014806號,EFP-001,102,乳香|威靈仙|木鼈子|沒藥|蓖麻子|黃臘,乳香|威靈仙|木鼈子|沒藥|蓖麻子,,田七(川七)
衛署成製字第015103號,EFP-005,40,乳香|五加皮|半夏|川牛膝|川芎|木香|沒藥|瓜兒血竭|當歸|石斛|石菖蒲|秦艽|紅花|肉桂|自然銅|萆薢|蒼朮|蛇床子|赤芍|附子|骨碎補|鹿茸,五加皮|半夏|川牛膝|川芎|木香|沒藥|當歸|石斛|石菖蒲|秦艽|紅花|肉桂|自然銅|萆薢|蒼朮|蛇床子|赤芍|附子|骨碎補|鹿茸,乳香|瓜兒血竭|血竭|透骨草,川附子|炮附子|萆解
衛署成製字第015667號,EFP-003,93,丁香|大黃|川七|川烏|木鼈子|柳枝|烏藥|獨活|玄參|甘草|生地黃|當歸|白及|白芷|白蘞|羌活|肉桂|苦參|草烏|赤芍,大黃|川烏|木鼈子|烏藥|獨活|玄參|甘草|生地黃|當歸|白及|白芷|白蘞|羌活|肉桂|苦參|草烏|赤芍,柳枝,土木鱉|土鼈子|地黃|桂枝|白笈
衛署成製字第015697號,EFP-002,96,乳香|大黃|木鼈子|沒藥|玄參|生地黃|當歸|白芷|肉桂|赤芍|阿魏,乳香|大黃|木鼈子|沒藥|玄參|生地黃|當歸|白芷|肉桂|血餘|赤芍|阿魏,川烏|柳枝|槐枝|獨活|草烏|辣椒,木瓜|木龞子
衛署成製字第015785號,EFP-007,31,乳香|厚朴|川芎|木鼈子|柳枝|槐枝|沒藥|烏賊魚骨|當歸|白芷|白蘞|苦參|草烏|豬牙皂角|鱉甲|黃柏|黃芩|黃連|龍骨,乳香|厚朴|川芎|木鼈子|柳枝|槐枝|沒藥|當歸|白及|白芷|白蘞|苦參|草烏|黃柏|黃芩|黃連|龍骨,海螵蛸|烏賊魚骨|皂角|豬牙皂角|鱉甲|鼈甲,白蘝|香白芷
衛部成製字第016562號,EFP-003,93,一條根|乳香|大黃|川烏|木鼈子|柳枝|槐枝|沒藥|烏藥|獨活|玄參|甘草|生地黃|當歸|白芷|白蘞|羌活|肉桂|草烏|赤芍,大黃|川烏|木鼈子|烏藥|獨活|玄參|甘草|生地黃|當歸|白及|白芷|白蘞|羌活|肉桂|苦參|草烏|赤芍,柳枝,土木鱉|土鼈子|地黃|桂枝|白笈
衛部成製字第016564號,EFP-004,79,乳香|杏仁|梅片|沒藥|玄參|當歸尾|白膠香|白芷|草烏|豬牙皂角|連鬚葉蔥|黃臘,乳香|杏仁|沒藥|玄參|白芷|草烏|豬牙皂角,當歸|當歸尾|白膠香|連鬚葉蔥,一條根(大葉千斤拔)|梅片(冰片)|歸尾|葱(帶鬚)|蓮鬚葉葱|蔓性千斤拔(一條根)|蔥(帶鬚)|薄荷葉|藥用炭|辣椒提取物
衛署成製字第006467號,EFP-005,40,乳香|五加皮|半夏|川牛膝|川芎|木香|沒藥|瓜兒血竭|當歸|石斛|石菖蒲|秦艽|紅花|肉桂|自然銅|萆薢|蒼朮|蛇床子|赤芍|附子|骨碎補|鹿茸,五加皮|半夏|川牛膝|川芎|木香|沒藥|當歸|石斛|石菖蒲|秦艽|紅花|肉桂|自然銅|萆薢|蒼朮|蛇床子|赤芍|附子|骨碎補|鹿茸,乳香|瓜兒血竭|血竭|透骨草,川附子|炮附子|萆解
衛署成製字第010070號,EFP-007,31,乳香|厚朴|川芎|木鼈子|柳枝|槐枝|沒藥|活性炭|烏賊魚骨|當歸|白及|白芷|白蘞|苦參|草烏|豬牙皂角|黃柏|黃芩|黃連|鼈甲|龍骨,乳香|厚朴|川芎|木鼈子|柳枝|槐枝|沒藥|當歸|白及|白芷|白蘞|苦參|草烏|黃柏|黃芩|黃連|龍骨,海螵蛸|烏賊魚骨|皂角|豬牙皂角|鱉甲|鼈甲,白蘝|香白芷
衛署成製字第010979號,EFP-001,102,乳香|威靈仙|木鼈子|沒藥|蓖麻子,乳香|威靈仙|木鼈子|沒藥|蓖麻子,,田七(川七)
衛署成製字第011491號,EFP-003,93,大黃|川烏|木鼈子|烏藥|獨活|玄參|甘草|生地黃|當歸|白及|白芷|白蘞|羌活|肉桂|苦參|草烏|赤芍,大黃|川烏|木鼈子|烏藥|獨活|玄參|甘草|生地黃|當歸|白及|白芷|白蘞|羌活|肉桂|苦參|草烏|赤芍,柳枝,土木鱉|土鼈子|地黃|桂枝|白笈
衛署成製字第012752號,EFP-003,93,大黃|川烏|木鼈子|烏藥|獨活|玄參|甘草|生地黃|當歸|白及|白芷|白蘞|羌活|肉桂|苦參|草烏|赤芍,大黃|川烏|木鼈子|烏藥|獨活|玄參|甘草|生地黃|當歸|白及|白芷|白蘞|羌活|肉桂|苦參|草烏|赤芍,柳枝,土木鱉|土鼈子|地黃|桂枝|白笈
衛署成製字第013361號,EFP-004,79,乳香|杏仁|沒藥|玄參|當歸尾|白膠香|白芷|草烏|豬牙皂角|連鬚葉葱,乳香|杏仁|沒藥|玄參|白芷|草烏|豬牙皂角,當歸|當歸尾|白膠香|連鬚葉蔥,一條根(大葉千斤拔)|梅片(冰片)|歸尾|葱(帶鬚)|蓮鬚葉葱|蔓性千斤拔(一條根)|蔥(帶鬚)|薄荷葉|藥用炭|辣椒提取物
衛署成製字第013754號,EFP-003,93,大黃|川烏|木鼈子|烏藥|獨活|玄參|甘草|生地|當歸|白及|白芷|白蘞|羌活|苦參|草烏|赤芍,大黃|川烏|木鼈子|烏藥|獨活|玄參|甘草|生地黃|當歸|白及|白芷|白蘞|羌活|肉桂|苦參|草烏|赤芍,柳枝,土木鱉|土鼈子|地黃|桂枝|白笈
衛署成製字第014932號,EFP-004,79,乳香|杏仁|沒藥|玄參|當歸尾|白膠香|白芷|草烏|蓮鬚葉葱|豬牙皂角,乳香|杏仁|沒藥|玄參|白芷|草烏|豬牙皂角,當歸|當歸尾|白膠香|連鬚葉蔥,一條根(大葉千斤拔)|梅片(冰片)|歸尾|葱(帶鬚)|蓮鬚葉葱|蔓性千斤拔(一條根)|蔥(帶鬚)|薄荷葉|藥用炭|辣椒提取物
衛署成製字第015143號,EFP-001,102,乳香|威靈仙|木鼈子|沒藥|田七|蓖麻子,乳香|威靈仙|木鼈子|沒藥|蓖麻子,,田七(川七)
衛署成製字第015341號,EFP-002,96,乳香|大黃|木鼈子|沒藥|玄參|生地黃|白芷|肉桂|血餘|赤芍|阿魏,乳香|大黃|木鼈子|沒藥|玄參|生地黃|當歸|白芷|肉桂|血餘|赤芍|阿魏,川烏|柳枝|槐枝|獨活|草烏|辣椒,木瓜|木龞子
衛署成製字第015666號,EFP-004,79,乳香|杏仁|沒藥|玄參|當歸尾|白膠香|白芷|草烏|蓮鬚葉蔥|豬牙皂角|黃臘,乳香|杏仁|沒藥|玄參|白芷|草烏|豬牙皂角,當歸|當歸尾|白膠香|連鬚葉蔥,一條根(大葉千斤拔)|梅片(冰片)|歸尾|葱(帶鬚)|蓮鬚葉葱|蔓性千斤拔(一條根)|蔥(帶鬚)|薄荷葉|藥用炭|辣椒提取物
衛署成製字第016142號,EFP-016,2,白千層油|辣椒油,白千層油|辣椒油,,
衛部成製字第016462號,EFP-002,96,一條根|乳香|大黃|木鼈子|柳枝|沒藥|獨活|玄參|生地黃|當歸|白芷|肉桂|赤芍|阿魏,乳香|大黃|木鼈子|沒藥|玄參|生地黃|當歸|白芷|肉桂|血餘|赤芍|阿魏,川烏|柳枝|槐枝|獨活|草烏|辣椒,木瓜|木龞子
衛部成製字第016563號,EFP-007,31,乳香|厚朴|川芎|木虌子|柳枝|槐枝|沒藥|海螵蛸|當歸|白及|白芷|白蘞|皂角|苦參|草烏|鱉甲|黃柏|黃芩|黃連|龍骨,乳香|厚朴|川芎|木鼈子|柳枝|槐枝|沒藥|當歸|白及|白芷|白蘞|苦參|草烏|黃柏|黃芩|黃連|龍骨,海螵蛸|烏賊魚骨|皂角|豬牙皂角|鱉甲|鼈甲,白蘝|香白芷
衛部成製字第016876號,EFP-006,36,升麻|大黃|山梔子|沒藥|漏蘆|甘草|白及|白蘞|紅花|蘆薈|青黛,升麻|大黃|沒藥|漏蘆|甘草|白及|白蘞|紅花|蘆薈|青黛,山梔子|生梔子,白蘝|膠|麝香銅
衛署成製字第005222號,EFP-017,2,乳香|沒藥|薄荷,乳香|沒藥|薄荷,生薑,
衛署成製字第012052號,EFP-001,102,乳香|威靈仙|木鼈子|沒藥|田七|蓖麻子,乳香|威靈仙|木鼈子|沒藥|蓖麻子,,田七(川七)
衛署成製字第012053號,EFP-008,25,乳香|沒藥,乳香|沒藥,,
衛署成製字第012073號,EFP-007,31,乳香|厚朴|川芎|木鼈子|柳枝|槐枝|沒藥|烏賊魚骨|當歸|白芷|白蘞|皂角|苦參|草烏|黃柏|黃芩|黃連|鼈甲|龍骨,乳香|厚朴|川芎|木鼈子|柳枝|槐枝|沒藥|當歸|白及|白芷|白蘞|苦參|草烏|黃柏|黃芩|黃連|龍骨,海螵蛸|烏賊魚骨|皂角|豬牙皂角|鱉甲|鼈甲,白蘝|香白芷
衛署成製字第012529號,EFP-008,25,乳香|沒藥,乳香|沒藥,,
衛署成製字第014386號,EFP-008,25,乳香|沒藥,乳香|沒藥,,
衛署成製字第014588號,EFP-001,102,乳香|威靈仙|木鼈子|沒藥|蓖麻子,乳香|威靈仙|木鼈子|沒藥|蓖麻子,,田七(川七)
衛署成製字第015093號,EFP-005,40,乳香|五加皮|半夏|川牛膝|川芎|木香|沒藥|瓜兒血竭|當歸|石斛|石菖蒲|秦艽|紅花|肉桂|自然銅|萆薢|蒼朮|蛇床子|赤芍|附子|骨碎補|鹿茸,五加皮|半夏|川牛膝|川芎|木香|沒藥|當歸|石斛|石菖蒲|秦艽|紅花|肉桂|自然銅|萆薢|蒼朮|蛇床子|赤芍|附子|骨碎補|鹿茸,乳香|瓜兒血竭|血竭|透骨草,川附子|炮附子|萆解
衛署成製字第015586號,EFP-004,79,乳香|杏仁|沒藥|玄參|當歸尾|白膠香|白芷|草烏|豬牙皂角|連鬚葉蔥,乳香|杏仁|沒藥|玄參|白芷|草烏|豬牙皂角,當歸|當歸尾|白膠香|連鬚葉蔥,一條根(大葉千斤拔)|梅片(冰片)|歸尾|葱(帶鬚)|蓮鬚葉葱|蔓性千斤拔(一條根)|蔥(帶鬚)|薄荷葉|藥用炭|辣椒提取物
衛部成製字第016662號,EFP-001,102,乳香|威靈仙|木鼈子|沒藥|田七|蓖麻子,乳香|威靈仙|木鼈子|沒藥|蓖麻子,,田七(川七)
衛部成製字第016825號,EFP-004,79,乳香|杏仁|沒藥|玄參|當歸|白芷|草烏|豬牙皂角|辣椒提取物|連鬚葉蔥,乳香|杏仁|沒藥|玄參|白芷|草烏|豬牙皂角,當歸|當歸尾|白膠香|連鬚葉蔥,一條根(大葉千斤拔)|梅片(冰片)|歸尾|葱(帶鬚)|蓮鬚葉葱|蔓性千斤拔(一條根)|蔥(帶鬚)|薄荷葉|藥用炭|辣椒提取物
衛部成製字第017017號,EFP-001,102,乳香|威靈仙|木鼈子|蓖麻子,乳香|威靈仙|木鼈子|沒藥|蓖麻子,,田七(川七)
衛署成製字第005847號,EFP-007,31,乳香|厚朴|川芎|木鼈子|柳枝|梅片|槐枝|沒藥|海螵蛸|當歸|白及|白膠香|白芷|白蘞|苦參|草烏|薄荷|豬牙皂角|黃柏|黃芩|黃連|鼈甲|龍骨,乳香|厚朴|川芎|木鼈子|柳枝|槐枝|沒藥|當歸|白及|白芷|白蘞|苦參|草烏|黃柏|黃芩|黃連|龍骨,海螵蛸|烏賊魚骨|皂角|豬牙皂角|鱉甲|鼈甲,白蘝|香白芷
衛署成製字第006720號,EFP-008,25,乳香|沒藥,乳香|沒藥,,
衛署成製字第007081號,EFP-008,25,乳香|沒藥,乳香|沒藥,,
衛署成製字第009994號,EFP-022,1,乳香|八角茴香|小茴香|木香|母丁香|沉香|沒藥|烏藥|當歸|白芷|肉桂|香附,乳香|八角茴香|小茴香|木香|母丁香|沉香|沒藥|烏藥|當歸|白芷|肉桂|香附,,
衛署成製字第011508號,EFP-002,96,乳香|大黃|木鼈子|柳枝|沒藥|獨活|玄參|生地黃|當歸|白芷|肉桂|血餘|赤芍|阿魏,乳香|大黃|木鼈子|沒藥|玄參|生地黃|當歸|白芷|肉桂|血餘|赤芍|阿魏,川烏|柳枝|槐枝|獨活|草烏|辣椒,木瓜|木龞子
衛署成製字第011841號,EFP-002,96,乳香|大黃|木鼈子|柳枝|沒藥|獨活|玄參|生地黃|當歸|白芷|肉桂|血餘|赤芍|阿魏,乳香|大黃|木鼈子|沒藥|玄參|生地黃|當歸|白芷|肉桂|血餘|赤芍|阿魏,川烏|柳枝|槐枝|獨活|草烏|辣椒,木瓜|木龞子
衛署成製字第012041號,EFP-006,36,升麻|大黃|山梔子|沒藥|漏蘆|甘草|白及|白蘞|紅花|蘆薈|青黛,升麻|大黃|沒藥|漏蘆|甘草|白及|白蘞|紅花|蘆薈|青黛,山梔子|生梔子,白蘝|膠|麝香銅
衛署成製字第012565號,EFP-006,36,升麻|大黃|沒藥|漏蘆|甘草|生梔子|白及|白蘞|紅花|蘆薈|青黛,升麻|大黃|沒藥|漏蘆|甘草|白及|白蘞|紅花|蘆薈|青黛,山梔子|生梔子,白蘝|膠|麝香銅
衛署成製字第013848號,EFP-002,96,乳香|大黃|木鼈子|柳枝|沒藥|獨活|玄參|生地黃|當歸|白芷|肉桂|血餘|赤芍|阿魏,乳香|大黃|木鼈子|沒藥|玄參|生地黃|當歸|白芷|肉桂|血餘|赤芍|阿魏,川烏|柳枝|槐枝|獨活|草烏|辣椒,木瓜|木龞子
衛署成製字第014535號,EFP-001,102,乳香|威靈仙|木鼈子|沒藥|蓖麻子,乳香|威靈仙|木鼈子|沒藥|蓖麻子,,田七(川七)
衛署成製字第014621號,EFP-003,93,丁香|大黃|川七|川烏|木鼈子|柳枝|烏藥|獨活|玄參|甘草|生地黃|當歸|白及|白芷|白蘞|羌活|肉桂|苦參|草烏|赤芍,大黃|川烏|木鼈子|烏藥|獨活|玄參|甘草|生地黃|當歸|白及|白芷|白蘞|羌活|肉桂|苦參|草烏|赤芍,柳枝,土木鱉|土鼈子|地黃|桂枝|白笈
衛署成製字第014673號,EFP-001,102,乳香|威靈仙|木鼈子|沒藥|蓖麻子,乳香|威靈仙|木鼈子|沒藥|蓖麻子,,田七(川七)
衛署成製字第014890號,EFP-003,93,土鼈子|川烏|柳枝|烏藥|獨活|玄參|甘草|生地|當歸|白及|白芷|白蘞|羌活|肉桂|苦參|草烏|赤芍,大黃|川烏|木鼈子|烏藥|獨活|玄參|甘草|生地黃|當歸|白及|白芷|白蘞|羌活|肉桂|苦參|草烏|赤芍,柳枝,土木鱉|土鼈子|地黃|桂枝|白笈
衛署成製字第015089號,EFP-005,40,五加皮|半夏|川牛膝|川芎|木香|沒藥|瓜兒血竭|當歸|石斛|石菖蒲|秦艽|紅花|肉桂|自然銅|萆薢|蒼朮|蛇床子|赤芍|透骨草|附子|骨碎補|鹿茸,五加皮|半夏|川牛膝|川芎|木香|沒藥|當歸|石斛|石菖蒲|秦艽|紅花|肉桂|自然銅|萆薢|蒼朮|蛇床子|赤芍|附子|骨碎補|鹿茸,乳香|瓜兒血竭|血竭|透骨草,川附子|炮附子|萆解
衛署成製字第015399號,EFP-004,79,乳香|杏仁|沒藥|玄參|當歸|白芷|草烏|豬牙皂角|連鬚葉蔥,乳香|杏仁|沒藥|玄參|白芷|草烏|豬牙皂角,當歸|當歸尾|白膠香|連鬚葉蔥,一條根(大葉千斤拔)|梅片(冰片)|歸尾|葱(帶鬚)|蓮鬚葉葱|蔓性千斤拔(一條根)|蔥(帶鬚)|薄荷葉|藥用炭|辣椒提取物
衛署成製字第015594號,EFP-003,93,川烏|木鼈子|柳枝|烏藥|獨活|玄參|甘草|生地黃|當歸|白及|白芷|白蘞|紅花|羌活|肉桂|苦參|草烏|赤芍|骨碎補,大黃|川烏|木鼈子|烏藥|獨活|玄參|甘草|生地黃|當歸|白及|白芷|白蘞|羌活|肉桂|苦參|草烏|赤芍,柳枝,土木鱉|土鼈子|地黃|桂枝|白笈
衛署成製字第009980號,EFP-001,102,乳香|威靈仙|木鼈子|沒藥,乳香|威靈仙|木鼈子|沒藥|蓖麻子,,田七(川七)
衛署成製字第011182號,EFP-003,93,乳香|大黃|木鼈子|柳枝|槐枝|沒藥|烏藥|獨活|玄參|甘草|生地黃|當歸|白芷|白蘞|羌活|肉桂|赤芍,大黃|川烏|木鼈子|烏藥|獨活|玄參|甘草|生地黃|當歸|白及|白芷|白蘞|羌活|肉桂|苦參|草烏|赤芍,柳枝,土木鱉|土鼈子|地黃|桂枝|白笈
衛署成製字第011188號,EFP-007,31,乳香|厚朴|川芎|木鼈子仁|柳枝|槐枝|沒藥|烏賊魚骨|當歸|白芷|白蘞|苦參|草烏|豬牙皂角|黃柏|黃芩|黃連|鼈甲|龍骨,乳香|厚朴|川芎|木鼈子|柳枝|槐枝|沒藥|當歸|白及|白芷|白蘞|苦參|草烏|黃柏|黃芩|黃連|龍骨,海螵蛸|烏賊魚骨|皂角|豬牙皂角|鱉甲|鼈甲,白蘝|香白芷
衛署成製字第011728號,EFP-002,96,乳香|大黃|木鼈子|沒藥|玄參|生地黃|當歸|白芷|肉桂|血餘|赤芍|阿魏,乳香|大黃|木鼈子|沒藥|玄參|生地黃|當歸|白芷|肉桂|血餘|赤芍|阿魏,川烏|柳枝|槐枝|獨活|草烏|辣椒,木瓜|木龞子
衛署成製字第012024號,EFP-007,31,乳香|厚朴|川芎|木鼈子|柳枝|槐枝|沒藥|海螵蛸|當歸|白及|白芷|白蘞|皂角|苦參|草烏|黃柏|黃芩|黃連|鼈甲|龍骨,乳香|厚朴|川芎|木鼈子|柳枝|槐枝|沒藥|當歸|白及|白芷|白蘞|苦參|草烏|黃柏|黃芩|黃連|龍骨,海螵蛸|烏賊魚骨|皂角|豬牙皂角|鱉甲|鼈甲,白蘝|香白芷
衛署成製字第012133號,EFP-003,93,大黃|川烏|木鼈子|烏藥|獨活|玄參|甘草|生地黃|當歸|白及|白芷|白蘞|羌活|苦參|草烏|赤芍,大黃|川烏|木鼈子|烏藥|獨活|玄參|甘草|生地黃|當歸|白及|白芷|白蘞|羌活|肉桂|苦參|草烏|赤芍,柳枝,土木鱉|土鼈子|地黃|桂枝|白笈
衛署成製字第012625號,EFP-001,102,乳香|威靈仙|木鼈子|沒藥|蓖麻子,乳香|威靈仙|木鼈子|沒藥|蓖麻子,,田七(川七)
衛署成製字第013770號,EFP-011,3,乳香|沒藥|花椒|豬牙皂|陳皮,乳香|沒藥|花椒|豬牙皂|陳皮,麝香酮,
衛署成製字第014446號,EFP-001,102,乳香|威靈仙|川七|木鼈子|柳枝|沒藥|蓖麻子,乳香|威靈仙|木鼈子|沒藥|蓖麻子,,田七(川七)
衛署成製字第014711號,EFP-004,79,乳香|杏仁|沒藥|玄參|當歸|白芷|草烏|豬牙皂角|連鬚葉蔥,乳香|杏仁|沒藥|玄參|白芷|草烏|豬牙皂角,當歸|當歸尾|白膠香|連鬚葉蔥,一條根(大葉千斤拔)|梅片(冰片)|歸尾|葱(帶鬚)|蓮鬚葉葱|蔓性千斤拔(一條根)|蔥(帶鬚)|薄荷葉|藥用炭|辣椒提取物
衛署成製字第014936號,EFP-013,2,乳香|威靈仙|山梨醇|川七|木鼈子|柳枝|檸檬酸|沒藥|白陶土|羧甲基纖維素-1380|羧甲基纖維素-2200|蓖麻子,乳香|威靈仙|山梨醇|川七|木鼈子|柳枝|檸檬酸|沒藥|白陶土|羧甲基纖維素-1380|羧甲基纖維素-2200|蓖麻子,,
衛署成製字第015005號,EFP-002,96,乳香|土木鼈|大黃|柳枝|沒藥|獨活|玄參|生地黃|當歸|白芷|肉桂|血餘|赤芍|阿魏,乳香|大黃|木鼈子|沒藥|玄參|生地黃|當歸|白芷|肉桂|血餘|赤芍|阿魏,川烏|柳枝|槐枝|獨活|草烏|辣椒,木瓜|木龞子
衛署成製字第015067號,EFP-004,79,乳香|杏仁|沒藥|玄參|當歸尾|白膠香|白芷|草烏|蓮鬚葉蔥|薄荷|豬牙皂角,乳香|杏仁|沒藥|玄參|白芷|草烏|豬牙皂角,當歸|當歸尾|白膠香|連鬚葉蔥,一條根(大葉千斤拔)|梅片(冰片)|歸尾|葱(帶鬚)|蓮鬚葉葱|蔓性千斤拔(一條根)|蔥(帶鬚)|薄荷葉|藥用炭|辣椒提取物
衛署成製字第015474號,EFP-002,96,乳香|大黃|川烏|木鼈子|柳枝|槐枝|沒藥|玄參|生地黃|當歸|白芷|肉桂|草烏|血餘|赤芍|辣椒|阿魏,乳香|大黃|木鼈子|沒藥|玄參|生地黃|當歸|白芷|肉桂|血餘|赤芍|阿魏,川烏|柳枝|槐枝|獨活|草烏|辣椒,木瓜|木龞子
衛署成製字第015772號,EFP-001,102,乳香|威靈仙|木鼈子|沒藥|蓖麻子,乳香|威靈仙|木鼈子|沒藥|蓖麻子,,田七(川七)
衛署成製字第015929號,EFP-015,2,厚朴|大黃|天南星|栝樓|甘草|白芷|蒼朮|薑黃|陳皮,厚朴|大黃|天南星|甘草|白芷|蒼朮|薑黃|陳皮,栝樓|栝樓根|黃柏,
衛部成製字第016340號,EFP-003,93,大黃|川烏|木鼈子|烏藥|獨活|玄參|甘草|生地黃|當歸|白及|白芷|白蘞|羌活|肉桂|苦參|草烏|薄荷|赤芍|黃丹,大黃|川烏|木鼈子|烏藥|獨活|玄參|甘草|生地黃|當歸|白及|白芷|白蘞|羌活|肉桂|苦參|草烏|赤芍,柳枝,土木鱉|土鼈子|地黃|桂枝|白笈
衛部成製字第016521號,EFP-044,1,一條根|冬青油,一條根|冬青油,,
衛署成製字第006450號,EFP-007,31,乳香|厚朴|川芎|木鼈子|柳枝|槐枝|沒藥|烏賊魚骨|當歸|白及|白芷|白蘞|苦參|草烏|豬牙皂角|黃柏|黃芩|黃連|鼈甲|龍骨,乳香|厚朴|川芎|木鼈子|柳枝|槐枝|沒藥|當歸|白及|白芷|白蘞|苦參|草烏|黃柏|黃芩|黃連|龍骨,海螵蛸|烏賊魚骨|皂角|豬牙皂角|鱉甲|鼈甲,白蘝|香白芷
衛署成製字第007363號,EFP-003,93,大黃|川烏|木鼈子|柳枝|烏藥|獨活|玄參|甘草|生地黃|當歸|白及|白芷|白蘞|羌活|肉桂|苦參|草烏|赤芍,大黃|川烏|木鼈子|烏藥|獨活|玄參|甘草|生地黃|當歸|白及|白芷|白蘞|羌活|肉桂|苦參|草烏|赤芍,柳枝,土木鱉|土鼈子|地黃|桂枝|白笈
衛署成製字第007435號,EFP-005,40,乳香|五加皮|半夏|川芎|木香|沒藥|牛膝|瓜兒血竭|當歸|石斛|石菖蒲|秦艽|紅花|肉桂|自然銅|萆薢|蒼朮|蛇床子|赤芍|附子|骨碎補|鹿茸,五加皮|半夏|川牛膝|川芎|木香|沒藥|當歸|石斛|石菖蒲|秦艽|紅花|肉桂|自然銅|萆薢|蒼朮|蛇床子|赤芍|附子|骨碎補|鹿茸,乳香|瓜兒血竭|血竭|透骨草,川附子|炮附子|萆解
衛署成製字第007684號,EFP-005,40,乳香|五加皮|半夏|川牛膝|川芎|木香|沒藥|瓜兒血竭|當歸|石斛|石菖蒲|秦艽|紅花|肉桂|自然銅|萆薢|蒼朮|蛇床子|赤芍|附子|骨碎補|鹿茸,五加皮|半夏|川牛膝|川芎|木香|沒藥|當歸|石斛|石菖蒲|秦艽|紅花|肉桂|自然銅|萆薢|蒼朮|蛇床子|赤芍|附子|骨碎補|鹿茸,乳香|瓜兒血竭|血竭|透骨草,川附子|炮附子|萆解
衛署成製字第010111號,EFP-003,93,大黃|川烏|木鼈子|烏藥|獨活|玄參|甘草|生地黃|當歸|白及|白芷|白蘞|羌活|肉桂|苦參|草烏|赤芍,大黃|川烏|木鼈子|烏藥|獨活|玄參|甘草|生地黃|當歸|白及|白芷|白蘞|羌活|肉桂|苦參|草烏|赤芍,柳枝,土木鱉|土鼈子|地黃|桂枝|白笈
衛署成製字第011081號,EFP-004,79,乳香|杏仁|沒藥|玄參|當歸尾|白膠香|白芷|草烏|豬牙皂角|連鬚葉蔥,乳香|杏仁|沒藥|玄參|白芷|草烏|豬牙皂角,當歸|當歸尾|白膠香|連鬚葉蔥,一條根(大葉千斤拔)|梅片(冰片)|歸尾|葱(帶鬚)|蓮鬚葉葱|蔓性千斤拔(一條根)|蔥(帶鬚)|薄荷葉|藥用炭|辣椒提取物
衛署成製字第011905號,EFP-004,79,乳香|杏仁|沒藥|玄參|當歸尾|白膠香|白芷|草烏|豬牙皂|連鬚葉蔥,乳香|杏仁|沒藥|玄參|白芷|草烏|豬牙皂角,當歸|當歸尾|白膠香|連鬚葉蔥,一條根(大葉千斤拔)|梅片(冰片)|歸尾|葱(帶鬚)|蓮鬚葉葱|蔓性千斤拔(一條根)|蔥(帶鬚)|薄荷葉|藥用炭|辣椒提取物
衛署成製字第012136號,EFP-008,25,乳香|沒藥,乳香|沒藥,,
衛署成製字第013557號,EFP-005,40,五加皮|半夏|川牛膝|川芎|川附子|木香|沒藥|活性炭|當歸|石斛|石菖蒲|秦艽|紅花|肉桂|自然銅|萆薢|蒼朮|蛇床子|血竭|赤芍|透骨草|骨碎補|鹿茸,五加皮|半夏|川牛膝|川芎|木香|沒藥|當歸|石斛|石菖蒲|秦艽|紅花|肉桂|自然銅|萆薢|蒼朮|蛇床子|赤芍|附子|骨碎補|鹿茸,乳香|瓜兒血竭|血竭|透骨草,川附子|炮附子|萆解
衛署成製字第014057號,EFP-001,102,乳香|威靈仙|木鼈子|沒藥|蓖麻子,乳香|威靈仙|木鼈子|沒藥|蓖麻子,,田七(川七)
衛署成製字第014410號,EFP-007,31,乳香|厚朴|川芎|木鼈子|柳枝|槐枝|沒藥|烏賊魚骨|當歸|白及|白芷|白蘞|苦參|草烏|豬牙皂角|鱉甲|黃柏|黃芩|黃連|龍骨,乳香|厚朴|川芎|木鼈子|柳枝|槐枝|沒藥|當歸|白及|白芷|白蘞|苦參|草烏|黃柏|黃芩|黃連|龍骨,海螵蛸|烏賊魚骨|皂角|豬牙皂角|鱉甲|鼈甲,白蘝|香白芷
衛署成製字第014592號,EFP-003,93,川烏|木鼈子|柳枝|烏藥|獨活|玄參|甘草|生地|當歸|白笈|白芷|白蘞|紅花|羌活|肉桂|苦參|草烏|赤芍|骨碎補,大黃|川烏|木鼈子|烏藥|獨活|玄參|甘草|生地黃|當歸|白及|白芷|白蘞|羌活|肉桂|苦參|草烏|赤芍,柳枝,土木鱉|土鼈子|地黃|桂枝|白笈
衛署成製字第014664號,EFP-004,79,乳香|杏仁|沒藥|玄參|當歸尾|白膠香|白芷|草烏|豬牙皂角|連鬚葉蔥,乳香|杏仁|沒藥|玄參|白芷|草烏|豬牙皂角,當歸|當歸尾|白膠香|連鬚葉蔥,一條根(大葉千斤拔)|梅片(冰片)|歸尾|葱(帶鬚)|蓮鬚葉葱|蔓性千斤拔(一條根)|蔥(帶鬚)|薄荷葉|藥用炭|辣椒提取物
衛署成製字第015071號,EFP-001,102,乳香|威靈仙|木鼈子|沒藥|蓖麻子,乳香|威靈仙|木鼈子|沒藥|蓖麻子,,田七(川七)
衛署成製字第015629號,EFP-004,79,乳香|杏仁|沒藥|玄參|當歸尾|白膠香|白芷|草烏|豬牙皂角|連鬚葉蔥,乳香|杏仁|沒藥|玄參|白芷|草烏|豬牙皂角,當歸|當歸尾|白膠香|連鬚葉蔥,一條根(大葉千斤拔)|梅片(冰片)|歸尾|葱(帶鬚)|蓮鬚葉葱|蔓性千斤拔(一條根)|蔥(帶鬚)|薄荷葉|藥用炭|辣椒提取物
衛署成製字第015910號,EFP-012,3,三七|升麻|南鶴虱|川椒|牡丹皮|甘草|艾草|苦參|赤芍|金不換|鐵線透骨草|防風,升麻|川椒|牡丹皮|甘草|艾草|苦參|赤芍|金不換|鐵線透骨草|防風,三七|南鶴虱|川七|鶴虱,
衛署成製字第015922號,EFP-005,40,乳香|五加皮|半夏|川牛膝|川芎|木香|沒藥|瓜兒血竭|當歸|石斛|石菖蒲|秦艽|紅花|肉桂|自然銅|萆薢|蒼朮|蛇床子|赤芍|附子|骨碎補|鹿茸|麝香酮,五加皮|半夏|川牛膝|川芎|木香|沒藥|當歸|石斛|石菖蒲|秦艽|紅花|肉桂|自然銅|萆薢|蒼朮|蛇床子|赤芍|附子|骨碎補|鹿茸,乳香|瓜兒血竭|血竭|透骨草,川附子|炮附子|萆解
衛部成製字第016514號,EFP-003,93,大黃|川烏|木鼈子|柳枝|烏藥|獨活|玄參|甘草|生地黃|當歸|白及|白芷|白蘞|羌活|肉桂|苦參|草烏|赤芍,大黃|川烏|木鼈子|烏藥|獨活|玄參|甘草|生地黃|當歸|白及|白芷|白蘞|羌活|肉桂|苦參|草烏|赤芍,柳枝,土木鱉|土鼈子|地黃|桂枝|白笈
衛部成製字第016539號,EFP-003,93,大黃|木鼈子|烏藥|獨活|玄參|甘草|生地黃|當歸|白及|白芷|白蘞|羌活|苦參|赤芍,大黃|川烏|木鼈子|烏藥|獨活|玄參|甘草|生地黃|當歸|白及|白芷|白蘞|羌活|肉桂|苦參|草烏|赤芍,柳枝,土木鱉|土鼈子|地黃|桂枝|白笈
衛部成製字第016542號,EFP-005,40,五加皮|半夏|川牛膝|川芎|木香|沒藥|當歸|石斛|石菖蒲|秦艽|紅花|肉桂|自然銅|萆薢|蒼朮|蛇床子|血竭|赤芍|透骨草|附子|骨碎補|鹿茸,五加皮|半夏|川牛膝|川芎|木香|沒藥|當歸|石斛|石菖蒲|秦艽|紅花|肉桂|自然銅|萆薢|蒼朮|蛇床子|赤芍|附子|骨碎補|鹿茸,乳香|瓜兒血竭|血竭|透骨草,川附子|炮附子|萆解
衛署成製字第006430號,EFP-004,79,乳香|杏仁|沒藥|玄參|當歸尾|白芷|草烏|豬牙皂角|連鬚葉蔥,乳香|杏仁|沒藥|玄參|白芷|草烏|豬牙皂角,當歸|當歸尾|白膠香|連鬚葉蔥,一條根(大葉千斤拔)|梅片(冰片)|歸尾|葱(帶鬚)|蓮鬚葉葱|蔓性千斤拔(一條根)|蔥(帶鬚)|薄荷葉|藥用炭|辣椒提取物
衛署成製字第011920號,EFP-002,96,乳香|大黃|木鼈子|柳枝|沒藥|獨活|玄參|生地黃|當歸|白芷|肉桂|血餘|赤芍|阿魏,乳香|大黃|木鼈子|沒藥|玄參|生地黃|當歸|白芷|肉桂|血餘|赤芍|阿魏,川烏|柳枝|槐枝|獨活|草烏|辣椒,木瓜|木龞子
衛署成製字第012013號,EFP-001,102,乳香|威靈仙|木鼈子|沒藥|蓖麻子,乳香|威靈仙|木鼈子|沒藥|蓖麻子,,田七(川七)
衛署成製字第012218號,EFP-005,40,乳香|五加皮|半夏|川牛膝|川芎|木香|沒藥|瓜兒血竭|當歸|石斛|石菖蒲|秦艽|紅花|肉桂|自然銅|萆薢|蒼朮|蛇床子|赤芍|附子|骨碎補|鹿茸,五加皮|半夏|川牛膝|川芎|木香|沒藥|當歸|石斛|石菖蒲|秦艽|紅花|肉桂|自然銅|萆薢|蒼朮|蛇床子|赤芍|附子|骨碎補|鹿茸,乳香|瓜兒血竭|血竭|透骨草,川附子|炮附子|萆解
衛署成製字第012484號,EFP-010,8,乳香|何首烏|半夏|大楓子|大黃|川椒|川烏|木鼈子|殭蠶|沒藥|甘草|生南星|當歸|白芷|秦艽|紅花|細辛|羌活|草烏|荊芥|蒼朮|蛇床子|蟬蛻|赤芍|連翹|金銀花|防風|骨碎補|黃柏|黃芩,乳香|何首烏|半夏|大黃|川烏|木鼈子|沒藥|甘草|生南星|當歸|白芷|秦艽|紅花|細辛|羌活|草烏|荊芥|蒼朮|蛇床子|赤芍|連翹|金銀花|防風|骨碎補|黃柏|黃芩,大楓子|大風子|川椒|殭蠶|白殭蠶|花椒|蟬蛻|蟬退,銀花
衛署成製字第012636號,EFP-003,93,大黃|川烏|木鼈子|澤蘭|烏藥|獨活|玄參|甘草|生地黃|當歸|白及|白芷|白蘞|羌活|肉桂|苦參|草烏|赤芍,大黃|川烏|木鼈子|烏藥|獨活|玄參|甘草|生地黃|當歸|白及|白芷|白蘞|羌活|肉桂|苦參|草烏|赤芍,柳枝,土木鱉|土鼈子|地黃|桂枝|白笈
衛署成製字第012938號,EFP-001,102,乳香|威靈仙|木鼈子|沒藥|蓖麻子,乳香|威靈仙|木鼈子|沒藥|蓖麻子,,田七(川七)
衛署成製字第014486號,EFP-006,36,升麻|大黃|沒藥|漏蘆|甘草|生梔子|白及|白蘞|紅花|蘆薈|青黛,升麻|大黃|沒藥|漏蘆|甘草|白及|白蘞|紅花|蘆薈|青黛,山梔子|生梔子,白蘝|膠|麝香銅
衛署成製字第015532號,EFP-002,96,乳香|大黃|川烏|木鼈子|柳枝|槐枝|沒藥|玄參|生地黃|當歸|白芷|肉桂|草烏|血餘|赤芍|辣椒|阿魏,乳香|大黃|木鼈子|沒藥|玄參|生地黃|當歸|白芷|肉桂|血餘|赤芍|阿魏,川烏|柳枝|槐枝|獨活|草烏|辣椒,木瓜|木龞子
衛署成製字第015996號,EFP-004,79,乳香|杏仁|沒藥|玄參|當歸|白芷|草烏|蓮鬚葉蔥|豬牙皂角,乳香|杏仁|沒藥|玄參|白芷|草烏|豬牙皂角,當歸|當歸尾|白膠香|連鬚葉蔥,一條根(大葉千斤拔)|梅片(冰片)|歸尾|葱(帶鬚)|蓮鬚葉葱|蔓性千斤拔(一條根)|蔥(帶鬚)|薄荷葉|藥用炭|辣椒提取物
衛署成製字第016192號,EFP-002,96,一條根|乳香|大黃|木鼈子|沒藥|獨活|玄參|生地黃|當歸|白芷|肉桂|赤芍,乳香|大黃|木鼈子|沒藥|玄參|生地黃|當歸|白芷|肉桂|血餘|赤芍|阿魏,川烏|柳枝|槐枝|獨活|草烏|辣椒,木瓜|木龞子
衛部成製字第016459號,EFP-001,102,乳香|威靈仙|木鼈子|柳枝|沒藥|田七(川七)|蓖麻子,乳香|威靈仙|木鼈子|沒藥|蓖麻子,,田七(川七)
衛部成製字第016572號,EFP-004,79,乳香|杏仁|沒藥|玄參|當歸尾|白膠香|白芷|草烏|豬牙皂角|連鬚葉蔥,乳香|杏仁|沒藥|玄參|白芷|草烏|豬牙皂角,當歸|當歸尾|白膠香|連鬚葉蔥,一條根(大葉千斤拔)|梅片(冰片)|歸尾|葱(帶鬚)|蓮鬚葉葱|蔓性千斤拔(一條根)|蔥(帶鬚)|薄荷葉|藥用炭|辣椒提取物
衛部成製字第017035號,EFP-018,2,三七|乳香|人工麝香|兒茶|土鱉蟲|沒藥|當歸,三七|乳香|人工麝香|兒茶|土鱉蟲|沒藥|當歸,,
衛部成製字第017140號,EFP-001,102,乳香|威靈仙|木鼈子|沒藥|蓖麻子,乳香|威靈仙|木鼈子|沒藥|蓖麻子,,田七(川七)
衛部成製字第017205號,EFP-001,102,乳香|威靈仙|木鼈子|蓖麻子,乳香|威靈仙|木鼈子|沒藥|蓖麻子,,田七(川七)
衛署成製字第007368號,EFP-002,96,乳香|大黃|木鼈子|沒藥|玄參|生地黃|當歸|白芷|肉桂|薄荷|血餘|赤芍|阿魏,乳香|大黃|木鼈子|沒藥|玄參|生地黃|當歸|白芷|肉桂|血餘|赤芍|阿魏,川烏|柳枝|槐枝|獨活|草烏|辣椒,木瓜|木龞子
衛署成製字第007670號,EFP-006,36,升麻|大黃|梔子|沒藥|漏蘆|甘草|白及|白蘞|紅花|蘆薈|青黛,升麻|大黃|沒藥|漏蘆|甘草|白及|白蘞|紅花|蘆薈|青黛,山梔子|生梔子,白蘝|膠|麝香銅
衛署成製字第011444號,EFP-003,93,川烏|木鼈子|柳枝|烏藥|獨活|玄參|甘草|生地黃|當歸|白及|白芷|白蘞|紅花|羌活|肉桂|苦參|草烏|赤芍|骨碎補,大黃|川烏|木鼈子|烏藥|獨活|玄參|甘草|生地黃|當歸|白及|白芷|白蘞|羌活|肉桂|苦參|草烏|赤芍,柳枝,土木鱉|土鼈子|地黃|桂枝|白笈
衛署成製字第011904號,EFP-003,93,川烏|木鼈子|柳枝|烏藥|獨活|玄參|甘草|生地黃|當歸|白及|白芷|白蘞|紅花|羌活|肉桂|苦參|草烏|赤芍|骨碎補,大黃|川烏|木鼈子|烏藥|獨活|玄參|甘草|生地黃|當歸|白及|白芷|白蘞|羌活|肉桂|苦參|草烏|赤芍,柳枝,土木鱉|土鼈子|地黃|桂枝|白笈
衛署成製字第012118號,EFP-002,96,乳香|大黃|木鼈子|沒藥|玄參|生地黃|白芷|肉桂|血餘|赤芍|阿魏,乳香|大黃|木鼈子|沒藥|玄參|生地黃|當歸|白芷|肉桂|血餘|赤芍|阿魏,川烏|柳枝|槐枝|獨活|草烏|辣椒,木瓜|木龞子
衛署成製字第013987號,EFP-001,102,乳香|威靈仙|木鼈子|沒藥|田七|蓖麻子,乳香|威靈仙|木鼈子|沒藥|蓖麻子,,田七(川七)
衛署成製字第014156號,EFP-009,9,乳香|川椒|沒藥|牙皂|陳皮,乳香|川椒|沒藥|牙皂|陳皮,,
衛署成製字第014224號,EFP-002,96,乳香|大黃|木鼈子|柳枝|沒藥|獨活|玄參|生地黃|當歸|白芷|肉桂|血餘|赤芍|阿魏,乳香|大黃|木鼈子|沒藥|玄參|生地黃|當歸|白芷|肉桂|血餘|赤芍|阿魏,川烏|柳枝|槐枝|獨活|草烏|辣椒,木瓜|木龞子
衛署成製字第014546號,EFP-030,1,乳香|山梨醇|杏仁|檸檬酸|沒藥|玄參|當歸|白芷|白陶土|羧甲基纖維素-1380|羧甲基纖維素-2200|草烏|豬牙皂角|連鬚葉蔥,乳香|山梨醇|杏仁|檸檬酸|沒藥|玄參|當歸|白芷|白陶土|羧甲基纖維素-1380|羧甲基纖維素-2200|草烏|豬牙皂角|連鬚葉蔥,,
衛署成製字第015295號,EFP-003,93,川烏|木鼈子|柳枝|烏藥|獨活|玄參|甘草|生地黃|當歸|白及|白芷|白蘞|羌活|肉桂|苦參|草烏|赤芍,大黃|川烏|木鼈子|烏藥|獨活|玄參|甘草|生地黃|當歸|白及|白芷|白蘞|羌活|肉桂|苦參|草烏|赤芍,柳枝,土木鱉|土鼈子|地黃|桂枝|白笈
衛署成製字第016329號,EFP-001,102,乳香|威靈仙|木鼈子|沒藥|蓖麻子,乳香|威靈仙|木鼈子|沒藥|蓖麻子,,田七(川七)
衛部成製字第016560號,EFP-002,96,乳香|大黃|木龞子|沒藥|玄參|生地黃|當歸|白芷|肉桂|血餘|赤芍|阿魏,乳香|大黃|木鼈子|沒藥|玄參|生地黃|當歸|白芷|肉桂|血餘|赤芍|阿魏,川烏|柳枝|槐枝|獨活|草烏|辣椒,木瓜|木龞子
衛部成製字第016841號,EFP-006,36,一條根|升麻|大黃|沒藥|漏蘆|甘草|生梔子|白及|白蘞|紅花|蘆薈|青黛|麝香酮,升麻|大黃|沒藥|漏蘆|甘草|白及|白蘞|紅花|蘆薈|青黛,山梔子|生梔子,白蘝|膠|麝香銅
衛部成製字第016996號,EFP-003,93,大黃|木鼈子|澤蘭|烏藥|獨活|玄參|甘草|生地黃|當歸|白及|白芷|白蘞|羌活|肉桂|苦參|薄荷|赤芍,大黃|川烏|木鼈子|烏藥|獨活|玄參|甘草|生地黃|當歸|白及|白芷|白蘞|羌活|肉桂|苦參|草烏|赤芍,柳枝,土木鱉|土鼈子|地黃|桂枝|白笈
衛署成製字第001293號,EFP-019,1,川椒|沒藥|牙皂,川椒|沒藥|牙皂,,
衛署成製字第004434號,EFP-003,93,大黃|川烏|木鼈子|澤蘭|烏藥|獨活|玄參|甘草|生地黃|當歸|白及|白芷|白蘞|羌活|肉桂|苦參|草烏|赤芍,大黃|川烏|木鼈子|烏藥|獨活|玄參|甘草|生地黃|當歸|白及|白芷|白蘞|羌活|肉桂|苦參|草烏|赤芍,柳枝,土木鱉|土鼈子|地黃|桂枝|白笈
衛署成製字第010852號,EFP-001,102,乳香|威靈仙|木鼈子|沒藥|活性炭|蓖麻子,乳香|威靈仙|木鼈子|沒藥|蓖麻子,,田七(川七)
衛署成製字第011918號,EFP-002,96,乳香|大黃|木鼈子|沒藥|玄參|生地黃|當歸|白芷|肉桂|血餘|赤芍|阿魏,乳香|大黃|木鼈子|沒藥|玄參|生地黃|當歸|白芷|肉桂|血餘|赤芍|阿魏,川烏|柳枝|槐枝|獨活|草烏|辣椒,木瓜|木龞子
衛署成製字第012042號,EFP-001,102,乳香|威靈仙|木鼈子|沒藥|蓖麻子,乳香|威靈仙|木鼈子|沒藥|蓖麻子,,田七(川七)
衛署成製字第012165號,EFP-006,36,升麻|大黃|沒藥|漏蘆|甘草|生梔子|白及|白蘞|紅花|蘆薈|青黛,升麻|大黃|沒藥|漏蘆|甘草|白及|白蘞|紅花|蘆薈|青黛,山梔子|生梔子,白蘝|膠|麝香銅
衛署成製字第012278號,EFP-003,93,大黃|川烏|木鼈子|柳枝|烏藥|獨活|玄參|甘草|生地黃|當歸|白及|白芷|白蘞|羌活|肉桂|苦參|草烏|赤芍,大黃|川烏|木鼈子|烏藥|獨活|玄參|甘草|生地黃|當歸|白及|白芷|白蘞|羌活|肉桂|苦參|草烏|赤芍,柳枝,土木鱉|土鼈子|地黃|桂枝|白笈
衛署成製字第012533號,EFP-027,1,辣椒,辣椒,,
衛署成製字第012969號,EFP-005,40,五加皮|半夏|川牛膝|川芎|木香|沒藥|當歸|石斛|石菖蒲|秦艽|紅花|肉桂|自然銅|萆薢|蒼朮|薄荷|蛇床子|血竭|赤芍|透骨草|附子|骨碎補|鹿茸,五加皮|半夏|川牛膝|川芎|木香|沒藥|當歸|石斛|石菖蒲|秦艽|紅花|肉桂|自然銅|萆薢|蒼朮|蛇床子|赤芍|附子|骨碎補|鹿茸,乳香|瓜兒血竭|血竭|透骨草,川附子|炮附子|萆解
衛署成製字第014320號,EFP-002,96,乳香|大黃|川烏|木鼈子|柳枝|槐枝|沒藥|玄參|生地黃|當歸|白芷|肉桂|草烏|血餘|赤芍|辣椒|阿魏,乳香|大黃|木鼈子|沒藥|玄參|生地黃|當歸|白芷|肉桂|血餘|赤芍|阿魏,川烏|柳枝|槐枝|獨活|草烏|辣椒,木瓜|木龞子
衛署成製字第014344號,EFP-001,102,乳香|威靈仙|木鼈子|沒藥|蓖麻子,乳香|威靈仙|木鼈子|沒藥|蓖麻子,,田七(川七)
衛署成製字第014463號,EFP-002,96,乳香|大黃|木鼈子|柳枝|沒藥|獨活|玄參|生地黃|當歸|白芷|肉桂|薄荷|血餘|赤芍|阿魏,乳香|大黃|木鼈子|沒藥|玄參|生地黃|當歸|白芷|肉桂|血餘|赤芍|阿魏,川烏|柳枝|槐枝|獨活|草烏|辣椒,木瓜|木龞子
衛署成製字第014537號,EFP-004,79,乳香|杏仁|沒藥|玄參|當歸尾|白膠香|白芷|草烏|豬牙皂角|連鬚葉蔥|黃臘,乳香|杏仁|沒藥|玄參|白芷|草烏|豬牙皂角,當歸|當歸尾|白膠香|連鬚葉蔥,一條根(大葉千斤拔)|梅片(冰片)|歸尾|葱(帶鬚)|蓮鬚葉葱|蔓性千斤拔(一條根)|蔥(帶鬚)|薄荷葉|藥用炭|辣椒提取物
衛署成製字第014966號,EFP-004,79,乳香|杏仁|沒藥|玄參|當歸尾|白膠香|白芷|草烏|豬牙皂角|連鬚葉蔥,乳香|杏仁|沒藥|玄參|白芷|草烏|豬牙皂角,當歸|當歸尾|白膠香|連鬚葉蔥,一條根(大葉千斤拔)|梅片(冰片)|歸尾|葱(帶鬚)|蓮鬚葉葱|蔓性千斤拔(一條根)|蔥(帶鬚)|薄荷葉|藥用炭|辣椒提取物
衛署成製字第015019號,EFP-001,102,乳香|威靈仙|木鼈子|沒藥|蓖麻子|薄荷,乳香|威靈仙|木鼈子|沒藥|蓖麻子,,田七(川七)
衛署成製字第015661號,EFP-004,79,乳香|杏仁|沒藥|玄參|當歸尾|白膠香|白芷|草烏|豬牙皂角|連鬚葉蔥,乳香|杏仁|沒藥|玄參|白芷|草烏|豬牙皂角,當歸|當歸尾|白膠香|連鬚葉蔥,一條根(大葉千斤拔)|梅片(冰片)|歸尾|葱(帶鬚)|蓮鬚葉葱|蔓性千斤拔(一條根)|蔥(帶鬚)|薄荷葉|藥用炭|辣椒提取物
衛署成製字第016061號,EFP-004,79,乳香|杏仁|沒藥|玄參|當歸尾|白膠香|白芷|草烏|豬牙皂角|連鬚葉蔥,乳香|杏仁|沒藥|玄參|白芷|草烏|豬牙皂角,當歸|當歸尾|白膠香|連鬚葉蔥,一條根(大葉千斤拔)|梅片(冰片)|歸尾|葱(帶鬚)|蓮鬚葉葱|蔓性千斤拔(一條根)|蔥(帶鬚)|薄荷葉|藥用炭|辣椒提取物
衛署成製字第016307號,EFP-004,79,乳香|杏仁|沒藥|玄參|當歸|白膠香|白芷|草烏|豬牙皂角|連鬚葉蔥,乳香|杏仁|沒藥|玄參|白芷|草烏|豬牙皂角,當歸|當歸尾|白膠香|連鬚葉蔥,一條根(大葉千斤拔)|梅片(冰片)|歸尾|葱(帶鬚)|蓮鬚葉葱|蔓性千斤拔(一條根)|蔥(帶鬚)|薄荷葉|藥用炭|辣椒提取物
衛部成製字第016613號,EFP-004,79,乳香|杏仁|沒藥|玄參|當歸尾|白膠香|白芷|草烏|薄荷|豬牙皂角|連鬚葉蔥,乳香|杏仁|沒藥|玄參|白芷|草烏|豬牙皂角,當歸|當歸尾|白膠香|連鬚葉蔥,一條根(大葉千斤拔)|梅片(冰片)|歸尾|葱(帶鬚)|蓮鬚葉葱|蔓性千斤拔(一條根)|蔥(帶鬚)|薄荷葉|藥用炭|辣椒提取物
衛部成製字第017032號,EFP-001,102,乳香|威靈仙|木鼈子|沒藥|田七|蓖麻子,乳香|威靈仙|木鼈子|沒藥|蓖麻子,,田七(川七)
衛部成製字第017085號,EFP-004,79,一條根(大葉千斤拔)|乳香|杏仁|玄參|當歸尾|白膠香|白芷|豬牙皂角|連鬚葉蔥,乳香|杏仁|沒藥|玄參|白芷|草烏|豬牙皂角,當歸|當歸尾|白膠香|連鬚葉蔥,一條根(大葉千斤拔)|梅片(冰片)|歸尾|葱(帶鬚)|蓮鬚葉葱|蔓性千斤拔(一條根)|蔥(帶鬚)|薄荷葉|藥用炭|辣椒提取物
衛部成製字第017097號,EFP-001,102,三七|乳香|威靈仙|木鼈子|蓖麻子,乳香|威靈仙|木鼈子|沒藥|蓖麻子,,田七(川七)
衛署成製字第009961號,EFP-003,93,大黃|川烏|木鼈子|柳枝|烏藥|獨活|玄參|甘草|生地黃|當歸|白及|白芷|白蘞|羌活|肉桂|苦參|草烏|赤芍,大黃|川烏|木鼈子|烏藥|獨活|玄參|甘草|生地黃|當歸|白及|白芷|白蘞|羌活|肉桂|苦參|草烏|赤芍,柳枝,土木鱉|土鼈子|地黃|桂枝|白笈
衛署成製字第011640號,EFP-024,1,白臘|蜂臘|辣椒,白臘|蜂臘|辣椒,,
衛署成製字第012082號,EFP-007,31,乳香|厚朴|川芎|木鼈子|柳枝|槐枝|沒藥|海螵蛸|當歸|白及|白芷|白蘞|皂莢|苦參|草烏|鱉甲|黃柏|黃芩|黃連|龍骨,乳香|厚朴|川芎|木鼈子|柳枝|槐枝|沒藥|當歸|白及|白芷|白蘞|苦參|草烏|黃柏|黃芩|黃連|龍骨,海螵蛸|烏賊魚骨|皂角|豬牙皂角|鱉甲|鼈甲,白蘝|香白芷
衛署成製字第012350號,EFP-008,25,乳香|沒藥,乳香|沒藥,,
衛署成製字第012522號,EFP-003,93,土木鼈|大黃|川烏|柳枝|烏藥|獨活|玄參|甘草|生地黃|當歸|白及|白芷|白蘞|羌活|肉桂|苦參|草烏|赤芍,大黃|川烏|木鼈子|烏藥|獨活|玄參|甘草|生地黃|當歸|白及|白芷|白蘞|羌活|肉桂|苦參|草烏|赤芍,柳枝,土木鱉|土鼈子|地黃|桂枝|白笈
衛署成製字第013474號,EFP-004,79,乳香|杏仁|沒藥|玄參|當歸|白芷|草烏|豬牙皂角|連鬚葉葱,乳香|杏仁|沒藥|玄參|白芷|草烏|豬牙皂角,當歸|當歸尾|白膠香|連鬚葉蔥,一條根(大葉千斤拔)|梅片(冰片)|歸尾|葱(帶鬚)|蓮鬚葉葱|蔓性千斤拔(一條根)|蔥(帶鬚)|薄荷葉|藥用炭|辣椒提取物
衛署成製字第014302號,EFP-001,102,乳香|威靈仙|木鼈子|沒藥|蓖麻子,乳香|威靈仙|木鼈子|沒藥|蓖麻子,,田七(川七)
衛署成製字第015199號,EFP-012,3,三七|升麻|川椒|牡丹皮|甘草|艾草|苦參|赤芍|金不換|鐵線透骨草|防風|鶴虱,升麻|川椒|牡丹皮|甘草|艾草|苦參|赤芍|金不換|鐵線透骨草|防風,三七|南鶴虱|川七|鶴虱,
衛署成製字第015270號,EFP-033,1,辣椒,辣椒,,
衛署成製字第015597號,EFP-002,96,乳香|大黃|木鼈子|沒藥|玄參|生地黃|當歸|白芷|肉桂|血餘|赤芍|阿魏,乳香|大黃|木鼈子|沒藥|玄參|生地黃|當歸|白芷|肉桂|血餘|赤芍|阿魏,川烏|柳枝|槐枝|獨活|草烏|辣椒,木瓜|木龞子
衛署成製字第015624號,EFP-008,25,乳香|沒藥,乳香|沒藥,,
衛署成製字第015695號,EFP-001,102,乳香|威靈仙|木鼈子|沒藥|蓖麻子,乳香|威靈仙|木鼈子|沒藥|蓖麻子,,田七(川七)
衛署成製字第016083號,EFP-004,79,乳香|杏仁|沒藥|玄參|當歸尾|白膠香|白芷|草烏|蓮鬚葉蔥|豬牙皂角,乳香|杏仁|沒藥|玄參|白芷|草烏|豬牙皂角,當歸|當歸尾|白膠香|連鬚葉蔥,一條根(大葉千斤拔)|梅片(冰片)|歸尾|葱(帶鬚)|蓮鬚葉葱|蔓性千斤拔(一條根)|蔥(帶鬚)|薄荷葉|藥用炭|辣椒提取物
衛部成製字第016535號,EFP-002,96,乳香|大黃|沒藥|玄參|生地黃|當歸|白芷|肉桂|薄荷|赤芍,乳香|大黃|木鼈子|沒藥|玄參|生地黃|當歸|白芷|肉桂|血餘|赤芍|阿魏,川烏|柳枝|槐枝|獨活|草烏|辣椒,木瓜|木龞子
衛署成製字第006302號,EFP-003,93,大黃|川烏|木鼈子|烏藥|獨活|玄參|甘草|生地黃|當歸|白及|白芷|白蘞|羌活|苦參|草烏|赤芍,大黃|川烏|木鼈子|烏藥|獨活|玄參|甘草|生地黃|當歸|白及|白芷|白蘞|羌活|肉桂|苦參|草烏|赤芍,柳枝,土木鱉|土鼈子|地黃|桂枝|白笈
衛署成製字第006398號,EFP-001,102,乳香|威靈仙|木鼈子|沒藥|蓖麻子,乳香|威靈仙|木鼈子|沒藥|蓖麻子,,田七(川七)
衛署成製字第007116號,EFP-006,36,升麻|大黃|山梔子|沒藥|漏蘆|甘草|白及|白蘞|紅花|膠|蘆薈|青黛,升麻|大黃|沒藥|漏蘆|甘草|白及|白蘞|紅花|蘆薈|青黛,山梔子|生梔子,白蘝|膠|麝香銅
衛署成製字第009041號,EFP-001,102,乳香|威靈仙|木鼈子|梅片|沒藥|蓖麻子,乳香|威靈仙|木鼈子|沒藥|蓖麻子,,田七(川七)
衛署成製字第009333號,EFP-010,8,乳香|何首烏|半夏|大楓子|大黃|川椒|川烏|木鼈子|殭蠶|沒藥|甘草|生南星|當歸|白芷|秦艽|紅花|細辛|羌活|草烏|荊芥|蒼朮|蛇床子|蟬退|赤芍|連翹|銀花|防風|骨碎補|黃柏|黃芩,乳香|何首烏|半夏|大黃|川烏|木鼈子|沒藥|甘草|生南星|當歸|白芷|秦艽|紅花|細辛|羌活|草烏|荊芥|蒼朮|蛇床子|赤芍|連翹|金銀花|防風|骨碎補|黃柏|黃芩,大楓子|大風子|川椒|殭蠶|白殭蠶|花椒|蟬蛻|蟬退,銀花
衛署成製字第010087號,EFP-004,79,乳香|杏仁|沒藥|玄參|當歸|白膠香|白芷|草烏|豬牙皂角|連鬚葉蔥,乳香|杏仁|沒藥|玄參|白芷|草烏|豬牙皂角,當歸|當歸尾|白膠香|連鬚葉蔥,一條根(大葉千斤拔)|梅片(冰片)|歸尾|葱(帶鬚)|蓮鬚葉葱|蔓性千斤拔(一條根)|蔥(帶鬚)|薄荷葉|藥用炭|辣椒提取物
衛署成製字第011654號,EFP-001,102,三七|乳香|威靈仙|木鼈子|柳枝|沒藥|蓖麻子,乳香|威靈仙|木鼈子|沒藥|蓖麻子,,田七(川七)
衛署成製字第011725號,EFP-009,9,乳香|川椒|沒藥|牙皂|陳皮,乳香|川椒|沒藥|牙皂|陳皮,,
衛署成製字第012019號,EFP-008,25,乳香|沒藥,乳香|沒藥,,
衛署成製字第012020號,EFP-001,102,乳香|威靈仙|木鼈子|沒藥|田七|蓖麻子,乳香|威靈仙|木鼈子|沒藥|蓖麻子,,田七(川七)
衛署成製字第012131號,EFP-007,31,乳香|厚朴|川芎|木鼈子|柳枝|槐枝|沒藥|海螵蛸|當歸|白及|白芷|白蘞|皂角|苦參|草烏|鱉甲|黃柏|黃芩|黃連|龍骨,乳香|厚朴|川芎|木鼈子|柳枝|槐枝|沒藥|當歸|白及|白芷|白蘞|苦參|草烏|黃柏|黃芩|黃連|龍骨,海螵蛸|烏賊魚骨|皂角|豬牙皂角|鱉甲|鼈甲,白蘝|香白芷
衛部成製字第012214A   號,EFP-004,79,乳香|杏仁|沒藥|玄參|當歸|白芷|豬牙皂|連鬚葉蔥,乳香|杏仁|沒藥|玄參|白芷|草烏|豬牙皂角,當歸|當歸尾|白膠香|連鬚葉蔥,一條根(大葉千斤拔)|梅片(冰片)|歸尾|葱(帶鬚)|蓮鬚葉葱|蔓性千斤拔(一條根)|蔥(帶鬚)|薄荷葉|藥用炭|辣椒提取物
衛署成製字第013332號,EFP-003,93,川烏|木鼈子|柳枝|烏藥|獨活|玄參|甘草|生地黃|當歸|白及|白芷|白蘞|紅花|羌活|肉桂|苦參|草烏|赤芍|骨碎補,大黃|川烏|木鼈子|烏藥|獨活|玄參|甘草|生地黃|當歸|白及|白芷|白蘞|羌活|肉桂|苦參|草烏|赤芍,柳枝,土木鱉|土鼈子|地黃|桂枝|白笈
衛署成製字第013500號,EFP-009,9,乳香|川椒|沒藥|牙皂|陳皮,乳香|川椒|沒藥|牙皂|陳皮,,
衛署成製字第014111號,EFP-002,96,乳香|大黃|木鼈子|沒藥|玄參|生地黃|當歸|白芷|肉桂|血餘|赤芍|阿魏,乳香|大黃|木鼈子|沒藥|玄參|生地黃|當歸|白芷|肉桂|血餘|赤芍|阿魏,川烏|柳枝|槐枝|獨活|草烏|辣椒,木瓜|木龞子
衛署成製字第014453號,EFP-004,79,乳香|杏仁|沒藥|玄參|當歸尾|白膠香|白芷|草烏|豬牙皂角|連鬚葉蔥,乳香|杏仁|沒藥|玄參|白芷|草烏|豬牙皂角,當歸|當歸尾|白膠香|連鬚葉蔥,一條根(大葉千斤拔)|梅片(冰片)|歸尾|葱(帶鬚)|蓮鬚葉葱|蔓性千斤拔(一條根)|蔥(帶鬚)|薄荷葉|藥用炭|辣椒提取物
衛署成製字第014517號,EFP-007,31,乳香|厚朴|川芎|木鼈子|柳枝|槐枝|沒藥|海螵蛸|當歸|白及|白芷|白蘞|皂莢|苦參|草烏|鱉甲|黃柏|黃芩|黃連|龍骨,乳香|厚朴|川芎|木鼈子|柳枝|槐枝|沒藥|當歸|白及|白芷|白蘞|苦參|草烏|黃柏|黃芩|黃連|龍骨,海螵蛸|烏賊魚骨|皂角|豬牙皂角|鱉甲|鼈甲,白蘝|香白芷
衛署成製字第015108號,EFP-003,93,大黃|川烏|木鼈子|澤蘭|烏藥|獨活|玄參|甘草|生地黃|當歸|白及|白芷|白蘞|羌活|肉桂|苦參|草烏|赤芍,大黃|川烏|木鼈子|烏藥|獨活|玄參|甘草|生地黃|當歸|白及|白芷|白蘞|羌活|肉桂|苦參|草烏|赤芍,柳枝,土木鱉|土鼈子|地黃|桂枝|白笈
衛署成製字第015447號,EFP-005,40,五加皮|半夏|川牛膝|川芎|木香|沒藥|當歸|石斛|石菖蒲|秦艽|紅花|肉桂|自然銅|萆薢|蒼朮|蛇床子|血竭|赤芍|透骨草|附子|骨碎補|鹿茸,五加皮|半夏|川牛膝|川芎|木香|沒藥|當歸|石斛|石菖蒲|秦艽|紅花|肉桂|自然銅|萆薢|蒼朮|蛇床子|赤芍|附子|骨碎補|鹿茸,乳香|瓜兒血竭|血竭|透骨草,川附子|炮附子|萆解
衛署成製字第015603號,EFP-002,96,乳香|大黃|川烏|木鼈子|柳枝|槐枝|沒藥|玄參|生地黃|當歸|白芷|肉桂|草烏|赤芍|辣椒|阿魏,乳香|大黃|木鼈子|沒藥|玄參|生地黃|當歸|白芷|肉桂|血餘|赤芍|阿魏,川烏|柳枝|槐枝|獨活|草烏|辣椒,木瓜|木龞子
衛署成製字第015662號,EFP-005,40,乳香|五加皮|半夏|川牛膝|川芎|木香|沒藥|瓜兒血竭|當歸|石斛|石菖蒲|秦艽|紅花|肉桂|自然銅|萆薢|蒼朮|蛇床子|赤芍|附子|骨碎補|鹿茸,五加皮|半夏|川牛膝|川芎|木香|沒藥|當歸|石斛|石菖蒲|秦艽|紅花|肉桂|自然銅|萆薢|蒼朮|蛇床子|赤芍|附子|骨碎補|鹿茸,乳香|瓜兒血竭|血竭|透骨草,川附子|炮附子|萆解
衛署成製字第015931號,EFP-002,96,乳香|大黃|木鼈子|沒藥|玄參|生地黃|當歸|白芷|肉桂|血餘|赤芍|阿魏,乳香|大黃|木鼈子|沒藥|玄參|生地黃|當歸|白芷|肉桂|血餘|赤芍|阿魏,川烏|柳枝|槐枝|獨活|草烏|辣椒,木瓜|木龞子
衛署成製字第016036號,EFP-001,102,乳香|威靈仙|木鼈子|沒藥|蓖麻子,乳香|威靈仙|木鼈子|沒藥|蓖麻子,,田七(川七)
衛署成製字第016047號,EFP-004,79,乳香|杏仁|沒藥|玄參|當歸尾|白膠香|白芷|草烏|豬牙皂角|連鬚葉蔥,乳香|杏仁|沒藥|玄參|白芷|草烏|豬牙皂角,當歸|當歸尾|白膠香|連鬚葉蔥,一條根(大葉千斤拔)|梅片(冰片)|歸尾|葱(帶鬚)|蓮鬚葉葱|蔓性千斤拔(一條根)|蔥(帶鬚)|薄荷葉|藥用炭|辣椒提取物
衛署成製字第016170號,EFP-006,36,升麻|大黃|山梔子|沒藥|漏盧|甘草|白及|白蘞|紅花|蘆薈|青黛|麝香酮,升麻|大黃|沒藥|漏蘆|甘草|白及|白蘞|紅花|蘆薈|青黛,山梔子|生梔子,白蘝|膠|麝香銅
衛署成製字第016295號,EFP-007,31,乳香|厚朴|川芎|木鼈子|柳枝|槐枝|沒藥|海螵蛸|當歸|白及|白膠香|白芷|白蘞|苦參|草烏|豬牙皂角|鱉甲|黃柏|黃芩|黃連|龍骨,乳香|厚朴|川芎|木鼈子|柳枝|槐枝|沒藥|當歸|白及|白芷|白蘞|苦參|草烏|黃柏|黃芩|黃連|龍骨,海螵蛸|烏賊魚骨|皂角|豬牙皂角|鱉甲|鼈甲,白蘝|香白芷
衛部成製字第016469號,EFP-004,79,乳香|杏仁|梅片(冰片)|沒藥|玄參|當歸尾|白膠香|白芷|草烏|豬牙皂角|連鬚葉蔥,乳香|杏仁|沒藥|玄參|白芷|草烏|豬牙皂角,當歸|當歸尾|白膠香|連鬚葉蔥,一條根(大葉千斤拔)|梅片(冰片)|歸尾|葱(帶鬚)|蓮鬚葉葱|蔓性千斤拔(一條根)|蔥(帶鬚)|薄荷葉|藥用炭|辣椒提取物
衛部成製字第016830號,EFP-002,96,乳香|大黃|川烏|木鼈子|柳枝|槐枝|沒藥|玄參|生地黃|當歸|白芷|肉桂|草烏|血餘|赤芍|辣椒|阿魏,乳香|大黃|木鼈子|沒藥|玄參|生地黃|當歸|白芷|肉桂|血餘|赤芍|阿魏,川烏|柳枝|槐枝|獨活|草烏|辣椒,木瓜|木龞子
衛部成製字第016930號,EFP-008,25,乳香|沒藥,乳香|沒藥,,
衛署成製字第002701號,EFP-007,31,乳香|厚朴|川芎|木鼈子|柳枝|槐枝|沒藥|海螵蛸|當歸|白及|白芷|白蘞|皂角|苦參|草烏|鱉甲|黃柏|黃芩|黃連|龍骨,乳香|厚朴|川芎|木鼈子|柳枝|槐枝|沒藥|當歸|白及|白芷|白蘞|苦參|草烏|黃柏|黃芩|黃連|龍骨,海螵蛸|烏賊魚骨|皂角|豬牙皂角|鱉甲|鼈甲,白蘝|香白芷
衛署成製字第005109號,EFP-002,96,乳香|大黃|木鼈子|柳枝|槐枝|沒藥|玄參|生地黃|當歸|白芷|肉桂|血餘|赤芍|阿魏,乳香|大黃|木鼈子|沒藥|玄參|生地黃|當歸|白芷|肉桂|血餘|赤芍|阿魏,川烏|柳枝|槐枝|獨活|草烏|辣椒,木瓜|木龞子
衛署成製字第006433號,EFP-002,96,乳香|土木鼈|大黃|沒藥|玄參|生地黃|白芷|肉桂|血餘|赤芍|阿魏,乳香|大黃|木鼈子|沒藥|玄參|生地黃|當歸|白芷|肉桂|血餘|赤芍|阿魏,川烏|柳枝|槐枝|獨活|草烏|辣椒,木瓜|木龞子
衛署成製字第007143號,EFP-003,93,大黃|川烏|木鼈子|柳枝|烏藥|獨活|玄參|甘草|生地黃|當歸|白及|白芷|白蘞|羌活|肉桂|苦參|草烏|赤芍,大黃|川烏|木鼈子|烏藥|獨活|玄參|甘草|生地黃|當歸|白及|白芷|白蘞|羌活|肉桂|苦參|草烏|赤芍,柳枝,土木鱉|土鼈子|地黃|桂枝|白笈
衛署成製字第010221號,EFP-003,93,大黃|川烏|木鼈子|烏藥|獨活|玄參|甘草|生地黃|當歸|白及|白芷|白蘞|羌活|肉桂|苦參|草烏|薄荷|赤芍,大黃|川烏|木鼈子|烏藥|獨活|玄參|甘草|生地黃|當歸|白及|白芷|白蘞|羌活|肉桂|苦參|草烏|赤芍,柳枝,土木鱉|土鼈子|地黃|桂枝|白笈
衛署成製字第011087號,EFP-003,93,丁香|大黃|川七|川烏|木鼈子|柳枝|烏藥|獨活|玄參|甘草|生地黃|當歸|白及|白芷|白蘞|羌活|肉桂|苦參|草烏|赤芍,大黃|川烏|木鼈子|烏藥|獨活|玄參|甘草|生地黃|當歸|白及|白芷|白蘞|羌活|肉桂|苦參|草烏|赤芍,柳枝,土木鱉|土鼈子|地黃|桂枝|白笈
衛署成製字第011653號,EFP-004,79,乳香|杏仁|沒藥|玄參|當歸|白芷|草烏|葱(帶鬚)|豬牙皂,乳香|杏仁|沒藥|玄參|白芷|草烏|豬牙皂角,當歸|當歸尾|白膠香|連鬚葉蔥,一條根(大葉千斤拔)|梅片(冰片)|歸尾|葱(帶鬚)|蓮鬚葉葱|蔓性千斤拔(一條根)|蔥(帶鬚)|薄荷葉|藥用炭|辣椒提取物
衛署成製字第011771號,EFP-010,8,乳香|何首烏|半夏|大楓子|大黃|川烏|木鼈子|殭蠶|沒藥|甘草|生南星|當歸|白芷|秦艽|紅花|細辛|羌活|花椒|草烏|荊芥|蒼朮|蛇床子|蟬退|赤芍|連翹|金銀花|防風|骨碎補|黃柏|黃芩,乳香|何首烏|半夏|大黃|川烏|木鼈子|沒藥|甘草|生南星|當歸|白芷|秦艽|紅花|細辛|羌活|草烏|荊芥|蒼朮|蛇床子|赤芍|連翹|金銀花|防風|骨碎補|黃柏|黃芩,大楓子|大風子|川椒|殭蠶|白殭蠶|花椒|蟬蛻|蟬退,銀花
衛署成製字第011814號,EFP-001,102,乳香|威靈仙|木鼈子|沒藥|蓖麻子,乳香|威靈仙|木鼈子|沒藥|蓖麻子,,田七(川七)
衛署成製字第013396號,EFP-003,93,乳香|土木鱉|大黃|川烏|柳枝|槐枝|沒藥|烏藥|獨活|玄參|甘草|生地黃|當歸|白及|白芷|白蘞|羌活|肉桂|苦參|草烏|赤芍,大黃|川烏|木鼈子|烏藥|獨活|玄參|甘草|生地黃|當歸|白及|白芷|白蘞|羌活|肉桂|苦參|草烏|赤芍,柳枝,土木鱉|土鼈子|地黃|桂枝|白笈
衛署成製字第013494號,EFP-002,96,乳香|大黃|木鼈子|沒藥|玄參|生地黃|當歸|白芷|肉桂|血餘|赤芍|阿魏,乳香|大黃|木鼈子|沒藥|玄參|生地黃|當歸|白芷|肉桂|血餘|赤芍|阿魏,川烏|柳枝|槐枝|獨活|草烏|辣椒,木瓜|木龞子
衛署成製字第014205號,EFP-003,93,丁香|大黃|川七|川烏|木鼈子|柳枝|烏藥|獨活|玄參|甘草|生地黃|當歸|白及|白芷|白蘞|羌活|肉桂|苦參|草烏|赤芍,大黃|川烏|木鼈子|烏藥|獨活|玄參|甘草|生地黃|當歸|白及|白芷|白蘞|羌活|肉桂|苦參|草烏|赤芍,柳枝,土木鱉|土鼈子|地黃|桂枝|白笈
衛署成製字第014343號,EFP-008,25,乳香|沒藥,乳香|沒藥,,
衛部成製字第014618A   號,EFP-002,96,乳香|大黃|木鼈子|柳枝|槐枝|沒藥|玄參|生地黃|當歸|白芷|肉桂|赤芍|辣椒|阿魏,乳香|大黃|木鼈子|沒藥|玄參|生地黃|當歸|白芷|肉桂|血餘|赤芍|阿魏,川烏|柳枝|槐枝|獨活|草烏|辣椒,木瓜|木龞子
衛署成製字第014849號,EFP-002,96,乳香|大黃|木鼈子|沒藥|玄參|生地黃|當歸|白芷|肉桂|血餘|赤芍|阿魏,乳香|大黃|木鼈子|沒藥|玄參|生地黃|當歸|白芷|肉桂|血餘|赤芍|阿魏,川烏|柳枝|槐枝|獨活|草烏|辣椒,木瓜|木龞子
衛署成製字第015116號,EFP-003,93,丁香|大黃|川七|川烏|木鼈子|柳枝|烏藥|獨活|玄參|甘草|生地黃|當歸|白及|白芷|白蘞|羌活|肉桂|苦參|草烏|赤芍,大黃|川烏|木鼈子|烏藥|獨活|玄參|甘草|生地黃|當歸|白及|白芷|白蘞|羌活|肉桂|苦參|草烏|赤芍,柳枝,土木鱉|土鼈子|地黃|桂枝|白笈
衛署成製字第015417號,EFP-006,36,升麻|大黃|山梔子|沒藥|漏盧|甘草|白及|白蘞|紅花|蘆薈|青黛,升麻|大黃|沒藥|漏蘆|甘草|白及|白蘞|紅花|蘆薈|青黛,山梔子|生梔子,白蘝|膠|麝香銅
衛署成製字第015618號,EFP-002,96,乳香|大黃|木鼈子|沒藥|玄參|生地黃|當歸|白芷|肉桂|血餘|赤芍|阿魏,乳香|大黃|木鼈子|沒藥|玄參|生地黃|當歸|白芷|肉桂|血餘|赤芍|阿魏,川烏|柳枝|槐枝|獨活|草烏|辣椒,木瓜|木龞子
衛署成製字第016048號,EFP-003,93,川烏|木鼈子|柳枝|烏藥|獨活|玄參|甘草|生地黃|當歸|白及|白芷|白蘞|羌活|肉桂|苦參子|草烏|赤芍,大黃|川烏|木鼈子|烏藥|獨活|玄參|甘草|生地黃|當歸|白及|白芷|白蘞|羌活|肉桂|苦參|草烏|赤芍,柳枝,土木鱉|土鼈子|地黃|桂枝|白笈
衛署成製字第016067號,EFP-010,8,乳香|何首烏|半夏|大楓子|大黃|川椒|川烏|木鼈子|殭蠶|沒藥|甘草|生南星|當歸|白芷|秦艽|紅花|細辛|羌活|草烏|荊芥|蒼朮|蛇床子|蟬蛻|赤芍|連翹|金銀花|防風|骨碎補|黃柏|黃芩,乳香|何首烏|半夏|大黃|川烏|木鼈子|沒藥|甘草|生南星|當歸|白芷|秦艽|紅花|細辛|羌活|草烏|荊芥|蒼朮|蛇床子|赤芍|連翹|金銀花|防風|骨碎補|黃柏|黃芩,大楓子|大風子|川椒|殭蠶|白殭蠶|花椒|蟬蛻|蟬退,銀花
衛署成製字第016180號,EFP-004,79,乳香|杏仁|沒藥|玄參|當歸尾|白膠香|白芷|草烏|豬牙皂角|連鬚葉蔥,乳香|杏仁|沒藥|玄參|白芷|草烏|豬牙皂角,當歸|當歸尾|白膠香|連鬚葉蔥,一條根(大葉千斤拔)|梅片(冰片)|歸尾|葱(帶鬚)|蓮鬚葉葱|蔓性千斤拔(一條根)|蔥(帶鬚)|薄荷葉|藥用炭|辣椒提取物
衛部成製字第016429號,EFP-001,102,乳香|威靈仙|木鼈子|梅片|沒藥|蓖麻子|黃臘,乳香|威靈仙|木鼈子|沒藥|蓖麻子,,田七(川七)
衛部成製字第016537號,EFP-001,102,乳香|威靈仙|沒藥|蓖麻子,乳香|威靈仙|木鼈子|沒藥|蓖麻子,,田七(川七)
衛部成製字第016629號,EFP-046,1,一條根|薄荷草|釘地蜈蚣,一條根|薄荷草|釘地蜈蚣,,
衛部成製字第016698號,EFP-001,102,乳香|威靈仙|木鼈子|沒藥|蓖麻子|黃臘,乳香|威靈仙|木鼈子|沒藥|蓖麻子,,田七(川七)
衛部成製字第016840號,EFP-006,36,一條根|升麻|大黃|沒藥|漏蘆|甘草|生梔子|白及|白蘞|紅花|蘆薈|青黛|麝香銅,升麻|大黃|沒藥|漏蘆|甘草|白及|白蘞|紅花|蘆薈|青黛,山梔子|生梔子,白蘝|膠|麝香銅
衛署成製字第007974號,EFP-004,79,乳香|杏仁|沒藥|玄參|當歸尾|白膠香|白芷|草烏|豬牙皂角|連鬚葉蔥,乳香|杏仁|沒藥|玄參|白芷|草烏|豬牙皂角,當歸|當歸尾|白膠香|連鬚葉蔥,一條根(大葉千斤拔)|梅片(冰片)|歸尾|葱(帶鬚)|蓮鬚葉葱|蔓性千斤拔(一條根)|蔥(帶鬚)|薄荷葉|藥用炭|辣椒提取物
衛署成製字第008160號,EFP-020,1,乳香|杏仁(去皮尖)|沒藥|玄參|當歸尾|白膠香(明者)|白芷|草烏(生剉)|豬牙皂角(去皮弦)|連鬚葉葱,乳香|杏仁(去皮尖)|沒藥|玄參|當歸尾|白膠香(明者)|白芷|草烏(生剉)|豬牙皂角(去皮弦)|連鬚葉葱,,
衛署成製字第011067號,EFP-003,93,大黃|川烏|木鼈子|柳枝|烏藥|獨活|玄參|甘草|生地黃|當歸|白及|白芷|白蘞|羌活|肉桂|苦參|草烏|赤芍,大黃|川烏|木鼈子|烏藥|獨活|玄參|甘草|生地黃|當歸|白及|白芷|白蘞|羌活|肉桂|苦參|草烏|赤芍,柳枝,土木鱉|土鼈子|地黃|桂枝|白笈
衛署成製字第011295號,EFP-001,102,乳香|威靈仙|木鼈子|沒藥|蓖麻子,乳香|威靈仙|木鼈子|沒藥|蓖麻子,,田七(川七)
衛署成製字第012043號,EFP-003,93,乳香|大黃|木鼈子|柳枝|槐枝|烏藥|獨活|玄參|甘草|生地黃|當歸|白芷|白蘞|羌活|肉桂|赤芍,大黃|川烏|木鼈子|烏藥|獨活|玄參|甘草|生地黃|當歸|白及|白芷|白蘞|羌活|肉桂|苦參|草烏|赤芍,柳枝,土木鱉|土鼈子|地黃|桂枝|白笈
衛署成製字第012168號,EFP-003,93,乳香|大黃|川烏|木鼈子|柳枝|槐枝|沒藥|烏藥|獨活|玄參|甘草|生地黃|當歸|白芷|白蘞|羌活|肉桂|草烏|赤芍,大黃|川烏|木鼈子|烏藥|獨活|玄參|甘草|生地黃|當歸|白及|白芷|白蘞|羌活|肉桂|苦參|草烏|赤芍,柳枝,土木鱉|土鼈子|地黃|桂枝|白笈
衛署成製字第013989號,EFP-006,36,升麻|大黃|沒藥|漏蘆|甘草|生梔子|白及|白蘞|紅花|蘆薈|青黛,升麻|大黃|沒藥|漏蘆|甘草|白及|白蘞|紅花|蘆薈|青黛,山梔子|生梔子,白蘝|膠|麝香銅
衛署成製字第014666號,EFP-008,25,乳香|沒藥,乳香|沒藥,,
衛署成製字第014694號,EFP-002,96,乳香|大黃|木鼈子|沒藥|玄參|生地黃|當歸|白芷|肉桂|血餘|赤芍|阿魏,乳香|大黃|木鼈子|沒藥|玄參|生地黃|當歸|白芷|肉桂|血餘|赤芍|阿魏,川烏|柳枝|槐枝|獨活|草烏|辣椒,木瓜|木龞子
衛署成製字第015307號,EFP-008,25,乳香|沒藥,乳香|沒藥,,
衛署成製字第015315號,EFP-006,36,升麻|大黃|山梔子|沒藥|漏蘆|甘草|白及|白蘞|紅花|蘆薈|青黛,升麻|大黃|沒藥|漏蘆|甘草|白及|白蘞|紅花|蘆薈|青黛,山梔子|生梔子,白蘝|膠|麝香銅
衛署成製字第015450號,EFP-005,40,乳香|五加皮|半夏|川芎|木香|沒藥|牛膝|當歸|石斛|石菖蒲|秦艽|紅花|肉桂|自然銅|萆薢|蒼朮|蛇床子|血竭|赤芍|附子|骨碎補|鹿茸,五加皮|半夏|川牛膝|川芎|木香|沒藥|當歸|石斛|石菖蒲|秦艽|紅花|肉桂|自然銅|萆薢|蒼朮|蛇床子|赤芍|附子|骨碎補|鹿茸,乳香|瓜兒血竭|血竭|透骨草,川附子|炮附子|萆解
衛署成製字第015585號,EFP-004,79,乳香|杏仁|沒藥|玄參|當歸尾|白膠香|白芷|草烏|豬牙皂角|連鬚葉葱,乳香|杏仁|沒藥|玄參|白芷|草烏|豬牙皂角,當歸|當歸尾|白膠香|連鬚葉蔥,一條根(大葉千斤拔)|梅片(冰片)|歸尾|葱(帶鬚)|蓮鬚葉葱|蔓性千斤拔(一條根)|蔥(帶鬚)|薄荷葉|藥用炭|辣椒提取物
衛署成製字第015600號,EFP-004,79,乳香|杏仁|沒藥|玄參|當歸|白芷|草烏|豬牙皂角|連鬚葉蔥,乳香|杏仁|沒藥|玄參|白芷|草烏|豬牙皂角,當歸|當歸尾|白膠香|連鬚葉蔥,一條根(大葉千斤拔)|梅片(冰片)|歸尾|葱(帶鬚)|蓮鬚葉葱|蔓性千斤拔(一條根)|蔥(帶鬚)|薄荷葉|藥用炭|辣椒提取物
衛署成製字第016249號,EFP-001,102,三七|乳香|威靈仙|木鼈子|沒藥|蓖麻子,乳香|威靈仙|木鼈子|沒藥|蓖麻子,,田七(川七)
衛部成製字第016616號,EFP-007,31,乳香|厚朴|川芎|木鼈子仁|柳枝|槐枝|沒藥|烏賊魚骨|當歸|白及|白芷|白蘞|苦參|草烏|豬牙皂角|黃柏|黃芩|黃連|鼈甲|龍骨,乳香|厚朴|川芎|木鼈子|柳枝|槐枝|沒藥|當歸|白及|白芷|白蘞|苦參|草烏|黃柏|黃芩|黃連|龍骨,海螵蛸|烏賊魚骨|皂角|豬牙皂角|鱉甲|鼈甲,白蘝|香白芷
衛署藥製字第048017號,EFP-038,1,艾草,艾草,,
衛署藥製字第048117號,EFP-039,1,聚丙稀酸|艾草,聚丙稀酸|艾草,,
衛署藥製字第049686號,EFP-040,1,乾蠍|吳茱萸|大黃|天南星|天麻|川椒|木鼈子|枳殼|桂心|烏喙|烏蛇|牛膝|當歸|白殭蠶|白芷|細辛|羌活|蒼朮|防風|附子|頭醋,乾蠍|吳茱萸|大黃|天南星|天麻|川椒|木鼈子|枳殼|桂心|烏喙|烏蛇|牛膝|當歸|白殭蠶|白芷|細辛|羌活|蒼朮|防風|附子|頭醋,,
衛部藥製字第057527號,EFP-055,1,蟾酥,蟾酥,,
衛部藥製字第057517號,EFP-054,1,蟾酥,蟾酥,,
衛部藥製字第058722號,EFP-058,1,蟾酥,蟾酥,,
衛部藥製字第058702號,EFP-057,1,半夏|大戟|大黃|天南星|朴硝|殭蠶|甘遂|白芥子|麻黃|黃丹,半夏|大戟|大黃|天南星|朴硝|殭蠶|甘遂|白芥子|麻黃|黃丹,,
衛部藥製字第057339號,EFP-053,1,蟾酥,蟾酥,,
衛署藥製字第045712號,EFP-036,1,蟾酥,蟾酥,,
衛署藥製字第047969號,EFP-037,1,艾草,艾草,,
衛署藥製字第051385號,EFP-041,1,蟾酥,蟾酥,,
衛部藥製字第057528號,EFP-056,1,蟾酥,蟾酥,,
衛署藥製字第005166號,EFP-015,2,厚朴|大黃|天南星|栝樓根|甘草|白芷|蒼朮|薑黃|陳皮|黃柏,厚朴|大黃|天南星|甘草|白芷|蒼朮|薑黃|陳皮,栝樓|栝樓根|黃柏,
