material_original,suggested_normalized,reason,product_count,product_licenses
清油加至,清油加至,無法由官方處方原文可靠判斷材料或其分類,28,衛署成製字第004471號|衛署成製字第004807號|衛署成製字第005847號|衛署成製字第007549號|衛署成製字第007974號|衛署成製字第008160號|衛署成製字第008450號|衛署成製字第009940號|衛署成製字第010087號|衛署成製字第011718號|衛署成製字第012119號|衛署成製字第013440號|衛署成製字第013814號|衛署成製字第014453號|衛署成製字第014537號|衛署成製字第014818號|衛署成製字第015661號|衛署成製字第015666號|衛署成製字第015920號|衛署成製字第016307號|衛部成製字第016341號|衛部成製字第016469號|衛部成製字第016474號|衛部成製字第016515號|衛部成製字第016541號|衛部成製字第016564號|衛部成製字第016704號|衛部成製字第016755號
香油加至,香油加至,無法由官方處方原文可靠判斷材料或其分類,1,衛署成製字第009782號
水性基劑加至,水性基劑加至,無法由官方處方原文可靠判斷材料或其分類,6,衛署成製字第011654號|衛署成製字第012554號|衛署成製字第013372號|衛署成製字第013746號|衛部成製字第016588號|衛部成製字第017068號
麻油加至,麻油加至,無法由官方處方原文可靠判斷材料或其分類,393,衛署成製字第004305號|衛署成製字第004639號|衛署成製字第005109號|衛署成製字第005396號|衛署成製字第005563號|衛署成製字第005693號|衛署成製字第005907號|衛署成製字第005943號|衛署成製字第005945號|衛署成製字第006275號|衛署成製字第006302號|衛署成製字第006395號|衛署成製字第006398號|衛署成製字第006450號|衛署成製字第006467號|衛署成製字第006988號|衛署成製字第007062號|衛署成製字第007065號|衛署成製字第007081號|衛署成製字第007143號|衛署成製字第007215號|衛署成製字第007227號|衛署成製字第007354號|衛署成製字第007363號|衛署成製字第007368號|衛署成製字第007369號|衛署成製字第007435號|衛署成製字第007591號|衛署成製字第007670號|衛署成製字第007671號|衛署成製字第007683號|衛署成製字第007684號|衛署成製字第007924號|衛署成製字第007928號|衛署成製字第007952號|衛署成製字第008067號|衛署成製字第008179號|衛署成製字第008523號|衛署成製字第008616號|衛署成製字第008650號|衛署成製字第008800號|衛署成製字第009041號|衛署成製字第009189號|衛署成製字第009333號|衛署成製字第009861號|衛署成製字第009919號|衛署成製字第009957號|衛署成製字第009961號|衛署成製字第009980號|衛署成製字第009981號|衛署成製字第009988號|衛署成製字第009994號|衛署成製字第010028號|衛署成製字第010070號|衛署成製字第010079號|衛署成製字第010111號|衛署成製字第010115號|衛署成製字第010148號|衛署成製字第010163號|衛署成製字第010165號|衛署成製字第010213號|衛署成製字第010256號|衛署成製字第010295號|衛署成製字第010445號|衛署成製字第010791號|衛署成製字第010852號|衛署成製字第010973號|衛署成製字第010979號|衛署成製字第011044號|衛署成製字第011067號|衛署成製字第011081號|衛署成製字第011087號|衛署成製字第011093號|衛署成製字第011182號|衛署成製字第011188號|衛署成製字第011245號|衛署成製字第011257號|衛署成製字第011270號|衛署成製字第011271號|衛署成製字第011295號|衛署成製字第011444號|衛署成製字第011491號|衛署成製字第011508號|衛署成製字第011536號|衛署成製字第011582號|衛署成製字第011584號|衛署成製字第011597號|衛署成製字第011719號|衛署成製字第011724號|衛署成製字第011728號|衛署成製字第011771號|衛署成製字第011814號|衛署成製字第011833號|衛署成製字第011841號|衛署成製字第011853號|衛署成製字第011895號|衛署成製字第011899號|衛署成製字第011902號|衛署成製字第011904號|衛署成製字第011907號|衛署成製字第011918號|衛署成製字第011919號|衛署成製字第011920號|衛署成製字第011921號|衛署成製字第011947號|衛署成製字第012013號|衛署成製字第012017號|衛署成製字第012020號|衛署成製字第012021號|衛署成製字第012022號|衛署成製字第012024號|衛署成製字第012040號|衛署成製字第012041號|衛署成製字第012042號|衛署成製字第012043號|衛署成製字第012070號|衛署成製字第012072號|衛署成製字第012073號|衛署成製字第012074號|衛署成製字第012075號|衛署成製字第012082號|衛署成製字第012090號|衛署成製字第012115號|衛署成製字第012118號|衛署成製字第012124號|衛署成製字第012132號|衛署成製字第012133號|衛署成製字第012138號|衛署成製字第012165號|衛署成製字第012168號|衛署成製字第012175號|衛署成製字第012186號|衛署成製字第012214號|衛署成製字第012218號|衛署成製字第012230號|衛署成製字第012243號|衛署成製字第012247號|衛署成製字第012275號|衛署成製字第012278號|衛署成製字第012300號|衛署成製字第012383號|衛署成製字第012419號|衛署成製字第012455號|衛署成製字第012522號|衛署成製字第012565號|衛署成製字第012595號|衛署成製字第012613號|衛署成製字第012625號|衛署成製字第012636號|衛署成製字第012752號|衛署成製字第012793號|衛署成製字第012907號|衛署成製字第012938號|衛署成製字第012939號|衛署成製字第012969號|衛署成製字第013169號|衛署成製字第013188號|衛署成製字第013199號|衛署成製字第013267號|衛署成製字第013332號|衛署成製字第013396號|衛署成製字第013525號|衛署成製字第013546號|衛署成製字第013555號|衛署成製字第013557號|衛署成製字第013721號|衛署成製字第013816號|衛署成製字第013840號|衛署成製字第013848號|衛署成製字第013894號|衛署成製字第013895號|衛署成製字第013957號|衛署成製字第013964號|衛署成製字第013989號|衛署成製字第014111號|衛署成製字第014112號|衛署成製字第014205號|衛署成製字第014225號|衛署成製字第014302號|衛署成製字第014320號|衛署成製字第014322號|衛署成製字第014323號|衛署成製字第014340號|衛署成製字第014344號|衛署成製字第014355號|衛署成製字第014361號|衛署成製字第014372號|衛署成製字第014410號|衛署成製字第014418號|衛署成製字第014425號|衛署成製字第014429號|衛署成製字第014430號|衛署成製字第014431號|衛署成製字第014454號|衛署成製字第014463號|衛署成製字第014470號|衛署成製字第014475號|衛署成製字第014483號|衛署成製字第014486號|衛署成製字第014487號|衛署成製字第014517號|衛署成製字第014521號|衛署成製字第014522號|衛署成製字第014535號|衛署成製字第014545號|衛署成製字第014555號|衛署成製字第014588號|衛署成製字第014592號|衛署成製字第014602號|衛署成製字第014616號|衛署成製字第014618號|衛署成製字第014621號|衛署成製字第014622號|衛署成製字第014626號|衛署成製字第014630號|衛署成製字第014636號|衛署成製字第014663號|衛署成製字第014664號|衛署成製字第014666號|衛署成製字第014673號|衛署成製字第014694號|衛署成製字第014701號|衛署成製字第014710號|衛署成製字第014726號|衛署成製字第014730號|衛署成製字第014806號|衛署成製字第014809號|衛署成製字第014816號|衛署成製字第014835號|衛署成製字第014846號|衛署成製字第014849號|衛署成製字第014852號|衛署成製字第014857號|衛署成製字第014858號|衛署成製字第014863號|衛署成製字第014871號|衛署成製字第014885號|衛署成製字第014890號|衛署成製字第014912號|衛署成製字第014916號|衛署成製字第014932號|衛署成製字第014939號|衛署成製字第014953號|衛署成製字第014966號|衛署成製字第014982號|衛署成製字第014991號|衛署成製字第015005號|衛署成製字第015022號|衛署成製字第015025號|衛署成製字第015027號|衛署成製字第015034號|衛署成製字第015067號|衛署成製字第015071號|衛署成製字第015089號|衛署成製字第015093號|衛署成製字第015103號|衛署成製字第015116號|衛署成製字第015122號|衛署成製字第015191號|衛署成製字第015219號|衛署成製字第015220號|衛署成製字第015225號|衛署成製字第015238號|衛署成製字第015240號|衛署成製字第015281號|衛署成製字第015295號|衛署成製字第015306號|衛署成製字第015315號|衛署成製字第015318號|衛署成製字第015321號|衛署成製字第015341號|衛署成製字第015342號|衛署成製字第015355號|衛署成製字第015386號|衛署成製字第015396號|衛署成製字第015417號|衛署成製字第015447號|衛署成製字第015450號|衛署成製字第015463號|衛署成製字第015473號|衛署成製字第015474號|衛署成製字第015477號|衛署成製字第015519號|衛署成製字第015532號|衛署成製字第015574號|衛署成製字第015585號|衛署成製字第015586號|衛署成製字第015591號|衛署成製字第015594號|衛署成製字第015597號|衛署成製字第015603號|衛署成製字第015618號|衛署成製字第015621號|衛署成製字第015629號|衛署成製字第015630號|衛署成製字第015652號|衛署成製字第015653號|衛署成製字第015662號|衛署成製字第015667號|衛署成製字第015672號|衛署成製字第015689號|衛署成製字第015695號|衛署成製字第015697號|衛署成製字第015706號|衛署成製字第015708號|衛署成製字第015712號|衛署成製字第015736號|衛署成製字第015772號|衛署成製字第015773號|衛署成製字第015775號|衛署成製字第015785號|衛署成製字第015796號|衛署成製字第015829號|衛署成製字第015833號|衛署成製字第015861號|衛署成製字第015890號|衛署成製字第015919號|衛署成製字第015922號|衛署成製字第015929號|衛署成製字第015931號|衛署成製字第015984號|衛署成製字第016036號|衛署成製字第016047號|衛署成製字第016048號|衛署成製字第016061號|衛署成製字第016067號|衛署成製字第016083號|衛署成製字第016099號|衛署成製字第016161號|衛署成製字第016170號|衛署成製字第016180號|衛署成製字第016192號|衛署成製字第016207號|衛署成製字第016295號|衛署成製字第016326號|衛署成製字第016329號|衛部成製字第012214A   號|衛部成製字第012522A   號|衛部成製字第012793A   號|衛部成製字第014618A   號|衛部成製字第014885A   號|衛部成製字第016343號|衛部成製字第016344號|衛部成製字第016381號|衛部成製字第016419號|衛部成製字第016429號|衛部成製字第016435號|衛部成製字第016443號|衛部成製字第016460號|衛部成製字第016462號|衛部成製字第016467號|衛部成製字第016476號|衛部成製字第016513號|衛部成製字第016514號|衛部成製字第016535號|衛部成製字第016537號|衛部成製字第016539號|衛部成製字第016540號|衛部成製字第016542號|衛部成製字第016562號|衛部成製字第016563號|衛部成製字第016570號|衛部成製字第016572號|衛部成製字第016576號|衛部成製字第016580號|衛部成製字第016581號|衛部成製字第016612號|衛部成製字第016613號|衛部成製字第016616號|衛部成製字第016639號|衛部成製字第016655號|衛部成製字第016662號|衛部成製字第016695號|衛部成製字第016698號|衛部成製字第016711號|衛部成製字第016754號|衛部成製字第016767號|衛部成製字第016830號|衛部成製字第016840號|衛部成製字第016841號|衛部成製字第016876號|衛部成製字第016900號|衛部成製字第016906號|衛部成製字第016921號|衛部成製字第016931號|衛部成製字第016996號|衛部成製字第017017號|衛部成製字第017057號|衛部成製字第017085號|衛部成製字第017087號|衛部成製字第017097號|衛部成製字第017140號|衛部成製字第017205號
樹脂(水性基劑)加至,樹脂(水性基劑)加至,無法由官方處方原文可靠判斷材料或其分類,21,衛署成製字第011653號|衛署成製字第011973號|衛署成製字第013442號|衛署成製字第013473號|衛署成製字第013474號|衛署成製字第014446號|衛署成製字第014546號|衛署成製字第014729號|衛署成製字第014802號|衛署成製字第014936號|衛署成製字第015379號|衛署成製字第015399號|衛署成製字第015558號|衛署成製字第015600號|衛署成製字第015610號|衛署成製字第015628號|衛署成製字第015862號|衛署成製字第015996號|衛署成製字第016043號|衛署成製字第016142號|衛部成製字第016825號
淨香油加至,淨香油加至,無法由官方處方原文可靠判斷材料或其分類,15,衛署成製字第010221號|衛署成製字第010660號|衛署成製字第011896號|衛署成製字第011905號|衛署成製字第011906號|衛署成製字第012131號|衛署成製字第012137號|衛署成製字第014354號|衛署成製字第014484號|衛署成製字第014973號|衛署成製字第015080號|衛署成製字第015224號|衛署成製字第015633號|衛部成製字第016447號|衛部成製字第016475號
玫瑰香料,玫瑰香料,無法由官方處方原文可靠判斷材料或其分類,40,衛署成製字第011814號|衛署成製字第011853號|衛署成製字第011896號|衛署成製字第011899號|衛署成製字第011904號|衛署成製字第011905號|衛署成製字第011906號|衛署成製字第011907號|衛署成製字第011918號|衛署成製字第012019號|衛署成製字第012021號|衛署成製字第012040號|衛署成製字第012042號|衛署成製字第012043號|衛署成製字第012052號|衛署成製字第012053號|衛署成製字第012072號|衛署成製字第012073號|衛署成製字第012136號|衛署成製字第012242號|衛署成製字第012275號|衛署成製字第013332號|衛署成製字第014355號|衛署成製字第014386號|衛署成製字第014453號|衛署成製字第014592號|衛署成製字第014636號|衛署成製字第015034號|衛署成製字第015071號|衛署成製字第015103號|衛署成製字第015219號|衛署成製字第015220號|衛署成製字第015238號|衛署成製字第015240號|衛署成製字第015281號|衛署成製字第015624號|衛署成製字第015661號|衛署成製字第015666號|衛部成製字第016537號|衛部成製字第017205號
木子,木子,無法由官方處方原文可靠判斷材料或其分類,2,衛署成製字第007591號|衛署成製字第012455號
樹脂加至,樹脂加至,無法由官方處方原文可靠判斷材料或其分類,18,衛署成製字第012568號|衛署成製字第012936號|衛署成製字第013606號|衛署成製字第013720號|衛署成製字第013739號|衛署成製字第013754號|衛署成製字第013818號|衛署成製字第013987號|衛署成製字第014264號|衛署成製字第014381號|衛署成製字第015143號|衛署成製字第015307號|衛署成製字第015609號|衛署成製字第015658號|衛署成製字第015959號|衛署成製字第016249號|衛部成製字第016560號|衛部成製字第016930號
麻油加至全量,麻油加至全量,無法由官方處方原文可靠判斷材料或其分類,3,衛署成製字第011917號|衛署成製字第014037號|衛署成製字第014115號
凡士林加至,凡士林加至,無法由官方處方原文可靠判斷材料或其分類,3,衛部成製字第017034號|衛部成製字第017035號|衛部成製字第017036號
沙拉油加至,沙拉油加至,無法由官方處方原文可靠判斷材料或其分類,1,衛署成製字第014495號
木?子,木?子,無法由官方處方原文可靠判斷材料或其分類,2,衛署成製字第014982號|衛署成製字第015773號
以上生藥製成浸膏24.925mg(生藥與浸膏比例104:24.925=4.17:1),以上生藥製成浸膏24.925mg(生藥與浸膏比例104:24.925=4.17:1),無法由官方處方原文可靠判斷材料或其分類,1,衛部成製字第017068號
胡麻油加至,胡麻油加至,無法由官方處方原文可靠判斷材料或其分類,2,衛署成製字第014057號|衛部成製字第016654號
橡膠加至,橡膠加至,無法由官方處方原文可靠判斷材料或其分類,1,衛部成製字第016729號
樹脂(水性基劑)加至1g(含量見背面),樹脂(水性基劑)加至1g(含量見背面),無法由官方處方原文可靠判斷材料或其分類,1,衛署成製字第014711號
麻油加至1gm,麻油加至1gm,無法由官方處方原文可靠判斷材料或其分類,2,衛署成製字第014224號|衛署成製字第014343號
廣膠加至,廣膠加至,無法由官方處方原文可靠判斷材料或其分類,1,衛署成製字第001293號
全量加至,全量加至,無法由官方處方原文可靠判斷材料或其分類,1,衛署成製字第004434號
以上生藥製成浸膏,以上生藥製成浸膏,無法由官方處方原文可靠判斷材料或其分類,3,衛署藥製字第047969號|衛署藥製字第048017號|衛署藥製字第048117號
純水加至,純水加至,無法由官方處方原文可靠判斷材料或其分類,1,衛署藥製字第048117號
豬脂加至,豬脂加至,無法由官方處方原文可靠判斷材料或其分類,1,衛署藥製字第049686號
